"","...1","REGION","ISLAND","SEC_NAME","REEF_ZONE","DEPTH_BIN","AREA_HA_2023","AREA_HA_2024","REP_CARD","RAMP_CURRENT","RAMP_BASIC","MARI2011","MARI2014","TUT10_12","AS_SANCTUARY","bA_BENTHIC_REP_CARD","bBENTHIC_SEC_CODE","bGEN_MHI_STRUCTURE","bPROTECTION","NH","BENTHIC_BASIC","SAMOA_CLIMATE","BENTHIC_2018","NOTES"
"1",1,"CT","Timor Leste","ATA","Forereef","Mid",1,NA,"NOT","ATA","ATA","NOT","NOT","NOT","NOT","Timor Leste","Timor Leste",NA,NA,NA,"Timor Leste","NOT","ATA","Unkown Size ,, setting to 1 (so all reef zones equal, and as placeholder that is obvioulsy wrong)"
"2",2,"CT","Timor Leste","ATA","Forereef","Shallow",1,NA,"NOT","ATA","ATA","NOT","NOT","NOT","NOT","Timor Leste","Timor Leste",NA,NA,NA,"Timor Leste","NOT","ATA","Unkown Size ,, setting to 1 (so all reef zones equal, and as placeholder that is obvioulsy wrong)"
"3",3,"CT","Timor Leste","BAU","Forereef","Mid",1,NA,"NOT","BAU","BAU","NOT","NOT","NOT","NOT","Timor Leste","Timor Leste",NA,NA,NA,"Timor Leste","NOT","BAU","Unkown Size ,, setting to 1 (so all reef zones equal, and as placeholder that is obvioulsy wrong)"
"4",4,"CT","Timor Leste","BAU","Forereef","Shallow",1,NA,"NOT","BAU","BAU","NOT","NOT","NOT","NOT","Timor Leste","Timor Leste",NA,NA,NA,"Timor Leste","NOT","BAU","Unkown Size ,, setting to 1 (so all reef zones equal, and as placeholder that is obvioulsy wrong)"
"5",5,"CT","Timor Leste","BOB","Forereef","Mid",1,NA,"NOT","BOB","BOB","NOT","NOT","NOT","NOT","Timor Leste","Timor Leste",NA,NA,NA,"Timor Leste","NOT","BOB","Unkown Size ,, setting to 1 (so all reef zones equal, and as placeholder that is obvioulsy wrong)"
"6",6,"CT","Timor Leste","BOB","Forereef","Shallow",1,NA,"NOT","BOB","BOB","NOT","NOT","NOT","NOT","Timor Leste","Timor Leste",NA,NA,NA,"Timor Leste","NOT","BOB","Unkown Size ,, setting to 1 (so all reef zones equal, and as placeholder that is obvioulsy wrong)"
"7",7,"CT","Timor Leste","DIL","Forereef","Mid",1,NA,"NOT","DIL","DIL","NOT","NOT","NOT","NOT","Timor Leste","Timor Leste",NA,NA,NA,"Timor Leste","NOT","DIL","Unkown Size ,, setting to 1 (so all reef zones equal, and as placeholder that is obvioulsy wrong)"
"8",8,"CT","Timor Leste","DIL","Forereef","Shallow",1,NA,"NOT","DIL","DIL","NOT","NOT","NOT","NOT","Timor Leste","Timor Leste",NA,NA,NA,"Timor Leste","NOT","DIL","Unkown Size ,, setting to 1 (so all reef zones equal, and as placeholder that is obvioulsy wrong)"
"9",9,"CT","Timor Leste","LAU","Forereef","Mid",1,NA,"NOT","LAU","LAU","NOT","NOT","NOT","NOT","Timor Leste","Timor Leste",NA,NA,NA,"Timor Leste","NOT","LAU","Unkown Size ,, setting to 1 (so all reef zones equal, and as placeholder that is obvioulsy wrong)"
"10",10,"CT","Timor Leste","LAU","Forereef","Shallow",1,NA,"NOT","LAU","LAU","NOT","NOT","NOT","NOT","Timor Leste","Timor Leste",NA,NA,NA,"Timor Leste","NOT","LAU","Unkown Size ,, setting to 1 (so all reef zones equal, and as placeholder that is obvioulsy wrong)"
"11",11,"CT","Timor Leste","LIQ","Forereef","Mid",1,NA,"NOT","LIQ","LIQ","NOT","NOT","NOT","NOT","Timor Leste","Timor Leste",NA,NA,NA,"Timor Leste","NOT","LIQ","Unkown Size ,, setting to 1 (so all reef zones equal, and as placeholder that is obvioulsy wrong)"
"12",12,"CT","Timor Leste","LIQ","Forereef","Shallow",1,NA,"NOT","LIQ","LIQ","NOT","NOT","NOT","NOT","Timor Leste","Timor Leste",NA,NA,NA,"Timor Leste","NOT","LIQ","Unkown Size ,, setting to 1 (so all reef zones equal, and as placeholder that is obvioulsy wrong)"
"13",13,"CT","Timor Leste","MAN","Forereef","Mid",1,NA,"NOT","MAN","MAN","NOT","NOT","NOT","NOT","Timor Leste","Timor Leste",NA,NA,NA,"Timor Leste","NOT","MAN","Unkown Size ,, setting to 1 (so all reef zones equal, and as placeholder that is obvioulsy wrong)"
"14",14,"CT","Timor Leste","MAN","Forereef","Shallow",1,NA,"NOT","MAN","MAN","NOT","NOT","NOT","NOT","Timor Leste","Timor Leste",NA,NA,NA,"Timor Leste","NOT","MAN","Unkown Size ,, setting to 1 (so all reef zones equal, and as placeholder that is obvioulsy wrong)"
"15",15,"CT","Timor Leste","OEC","Forereef","Mid",1,NA,"NOT","OEC","OEC","NOT","NOT","NOT","NOT","Timor Leste","Timor Leste",NA,NA,NA,"Timor Leste","NOT","OEC","Unkown Size ,, setting to 1 (so all reef zones equal, and as placeholder that is obvioulsy wrong)"
"16",16,"CT","Timor Leste","OEC","Forereef","Shallow",1,NA,"NOT","OEC","OEC","NOT","NOT","NOT","NOT","Timor Leste","Timor Leste",NA,NA,NA,"Timor Leste","NOT","OEC","Unkown Size ,, setting to 1 (so all reef zones equal, and as placeholder that is obvioulsy wrong)"
"17",17,"CT","Timor Leste","VIL","Forereef","Mid",1,NA,"NOT","VIL","VIL","NOT","NOT","NOT","NOT","Timor Leste","Timor Leste",NA,NA,NA,"Timor Leste","NOT","VIL","Unkown Size ,, setting to 1 (so all reef zones equal, and as placeholder that is obvioulsy wrong)"
"18",18,"CT","Timor Leste","VIL","Forereef","Shallow",1,NA,"NOT","VIL","VIL","NOT","NOT","NOT","NOT","Timor Leste","Timor Leste",NA,NA,NA,"Timor Leste","NOT","VIL","Unkown Size ,, setting to 1 (so all reef zones equal, and as placeholder that is obvioulsy wrong)"
"19",19,"MARIAN","11-mile bank","11-mile bank","Forereef","Deep",2.642415605,NA,"NOT","11-mile bank","11-mile bank","NOT","NOT","NOT","NOT","11-mile bank","11-mile bank",NA,NA,NA,"11-mile bank","NOT","11-mile bank",NA
"20",20,"MARIAN","Agrihan","Agrihan","Forereef","Deep",455.6356862,NA,"CNMI_UNPOP","Agrihan","Agrihan","NOT","NOT","NOT","NOT","AGR","AGR","NOT","OPEN",1823,"AGR_OPEN","NOT","Agrihan",NA
"21",21,"MARIAN","Agrihan","Agrihan","Forereef","Mid",51.8014133,NA,"CNMI_UNPOP","Agrihan","Agrihan","NOT","NOT","NOT","NOT","AGR","AGR","NOT","OPEN",207,"AGR_OPEN","NOT","Agrihan",NA
"22",22,"MARIAN","Agrihan","Agrihan","Forereef","Shallow",343.1901754,NA,"CNMI_UNPOP","Agrihan","Agrihan","NOT","NOT","NOT","NOT","AGR","AGR","NOT","OPEN",1373,"AGR_OPEN","NOT","Agrihan",NA
"23",23,"MARIAN","Aguijan","Aguijan","Forereef","Deep",119.2887963,NA,"SaTiAg","Aguijan","Aguijan","NOT","NOT","NOT","NOT","AGU","AGU","NOT","OPEN",477,"AGU_OPEN","NOT","Aguijan",NA
"24",24,"MARIAN","Aguijan","Aguijan","Forereef","Mid",129.0007981,NA,"SaTiAg","Aguijan","Aguijan","NOT","NOT","NOT","NOT","AGU","AGU","NOT","OPEN",516,"AGU_OPEN","NOT","Aguijan",NA
"25",25,"MARIAN","Aguijan","Aguijan","Forereef","Shallow",157.3007294,NA,"SaTiAg","Aguijan","Aguijan","NOT","NOT","NOT","NOT","AGU","AGU","NOT","OPEN",629,"AGU_OPEN","NOT","Aguijan",NA
"26",26,"MARIAN","Alamagan","Alamagan","Forereef","Deep",112.8532954,NA,"CNMI_UNPOP","Alamagan","Alamagan","NOT","NOT","NOT","NOT","ALA","ALA","NOT","OPEN",451,"ALA_OPEN","NOT","Alamagan",NA
"27",27,"MARIAN","Alamagan","Alamagan","Forereef","Mid",162.4144779,NA,"CNMI_UNPOP","Alamagan","Alamagan","NOT","NOT","NOT","NOT","ALA","ALA","NOT","OPEN",650,"ALA_OPEN","NOT","Alamagan",NA
"28",28,"MARIAN","Alamagan","Alamagan","Forereef","Shallow",71.071876,NA,"CNMI_UNPOP","Alamagan","Alamagan","NOT","NOT","NOT","NOT","ALA","ALA","NOT","OPEN",284,"ALA_OPEN","NOT","Alamagan",NA
"29",29,"MARIAN","Anatahan","Anatahan","Forereef","Deep",393.9252048,NA,"NOT","Anatahan","Anatahan","NOT","NOT","NOT","NOT","Ana","Ana",NA,NA,NA,"Ana","NOT","Anatahan","Assume average size island, assume dms each 1/3"
"30",30,"MARIAN","Anatahan","Anatahan","Forereef","Mid",393.9252048,NA,"NOT","Anatahan","Anatahan","NOT","NOT","NOT","NOT","Ana","Ana",NA,NA,NA,"Ana","NOT","Anatahan","Assume average size island, assume dms each 1/3"
"31",31,"MARIAN","Anatahan","Anatahan","Forereef","Shallow",393.9252048,NA,"NOT","Anatahan","Anatahan","NOT","NOT","NOT","NOT","Ana","Ana",NA,NA,NA,"Ana","NOT","Anatahan","Assume average size island, assume dms each 1/3"
"32",32,"MARIAN","Arakane","Arakane","Forereef","Deep",24.5959461,NA,"NOT","Arakane","Arakane","NOT","NOT","NOT","NOT","Arakane","Arakane",NA,NA,NA,"Arakane","NOT","Arakane",NA
"33",33,"MARIAN","Arakane","Arakane","Forereef","Mid",23.2565184,NA,"NOT","Arakane","Arakane","NOT","NOT","NOT","NOT","Arakane","Arakane",NA,NA,NA,"Arakane","NOT","Arakane",NA
"34",34,"MARIAN","Asuncion","Asuncion","Forereef","Deep",64.03633046,NA,"MTMNM","Asuncion","Asuncion","NOT","NOT","NOT","NOT","ASC","ASC","NOT","MTMM",256,"ASC_MTMM","NOT","Asuncion",NA
"35",35,"MARIAN","Asuncion","Asuncion","Forereef","Mid",130.7967187,NA,"MTMNM","Asuncion","Asuncion","NOT","NOT","NOT","NOT","ASC","ASC","NOT","MTMM",523,"ASC_MTMM","NOT","Asuncion",NA
"36",36,"MARIAN","Asuncion","Asuncion","Forereef","Shallow",53.77229254,NA,"MTMNM","Asuncion","Asuncion","NOT","NOT","NOT","NOT","ASC","ASC","NOT","MTMM",215,"ASC_MTMM","NOT","Asuncion",NA
"37",37,"MARIAN","Farallon de Medenilla","Farallon de Medenilla","Forereef","Deep",78.47331358,NA,"NOT","Farallon de Medenilla","Farallon de Medenilla","NOT","NOT","NOT","NOT","Farallon de Medenilla","Farallon de Medenilla",NA,NA,NA,"Farallon de Medenilla_NA","NOT","Farallon de Medenilla",NA
"38",38,"MARIAN","Farallon de Medenilla","Farallon de Medenilla","Forereef","Mid",52.80542635,NA,"NOT","Farallon de Medenilla","Farallon de Medenilla","NOT","NOT","NOT","NOT","Farallon de Medenilla","Farallon de Medenilla",NA,NA,NA,"Farallon de Medenilla_NA","NOT","Farallon de Medenilla",NA
"39",39,"MARIAN","Farallon de Medenilla","Farallon de Medenilla","Forereef","Shallow",20.23990304,NA,"NOT","Farallon de Medenilla","Farallon de Medenilla","NOT","NOT","NOT","NOT","Farallon de Medenilla","Farallon de Medenilla",NA,NA,NA,"Farallon de Medenilla_NA","NOT","Farallon de Medenilla",NA
"40",40,"MARIAN","Farallon de Pajaros","Farallon de Pajaros","Forereef","Deep",36.860822,NA,"MTMNM","Farallon de Pajaros","Farallon de Pajaros","NOT","NOT","NOT","NOT","FDP","FDP","NOT","MTMM",147,"FDP_MTMM","NOT","Farallon de Pajaros",NA
"41",41,"MARIAN","Farallon de Pajaros","Farallon de Pajaros","Forereef","Mid",68.68271,NA,"MTMNM","Farallon de Pajaros","Farallon de Pajaros","NOT","NOT","NOT","NOT","FDP","FDP","NOT","MTMM",275,"FDP_MTMM","NOT","Farallon de Pajaros",NA
"42",42,"MARIAN","Farallon de Pajaros","Farallon de Pajaros","Forereef","Shallow",32.916547,NA,"MTMNM","Farallon de Pajaros","Farallon de Pajaros","NOT","NOT","NOT","NOT","FDP","FDP","NOT","MTMM",132,"FDP_MTMM","NOT","Farallon de Pajaros",NA
"43",43,"MARIAN","Galvez","Galvez","Forereef","Deep",15.29549096,NA,"NOT","Galvez","Galvez","NOT","NOT","NOT","NOT","Galvez","Galvez",NA,NA,NA,"Galvez","NOT","Galvez",NA
"44",44,"MARIAN","Guam","GUA_ACHANG","Forereef","Deep",13.75,NA,"GUAM_MP","GUA_MP","Guam","GUA_MP","GUA_ACHANG","NOT","NOT","GUA_EAST_MPA","GUA_EAST","NOT","ACHG",55,"GUA_EAST_ACHG","NOT","GUA_ACHANG",NA
"45",45,"MARIAN","Guam","GUA_ACHANG","Forereef","Mid",59.25,NA,"GUAM_MP","GUA_MP","Guam","GUA_MP","GUA_ACHANG","NOT","NOT","GUA_EAST_MPA","GUA_EAST","NOT","ACHG",237,"GUA_EAST_ACHG","NOT","GUA_ACHANG",NA
"46",46,"MARIAN","Guam","GUA_ACHANG","Forereef","Shallow",33.25,NA,"GUAM_MP","GUA_MP","Guam","GUA_MP","GUA_ACHANG","NOT","NOT","GUA_EAST_MPA","GUA_EAST","NOT","ACHG",133,"GUA_EAST_ACHG","NOT","GUA_ACHANG",NA
"47",47,"MARIAN","Guam","GUA_EAST_OPEN","Forereef","Deep",664.5,NA,"GUAM_EAST_OPEN","GUA_EAST_OPEN","Guam","GUA_EAST_OPEN","GUA_EAST_OPEN","NOT","NOT","GUA_EAST_OPEN","GUA_EAST","NOT","OPEN",2658,"GUA_EAST_OPEN","NOT","GUA_EAST_OPEN",NA
"48",48,"MARIAN","Guam","GUA_EAST_OPEN","Forereef","Mid",1027.25,NA,"GUAM_EAST_OPEN","GUA_EAST_OPEN","Guam","GUA_EAST_OPEN","GUA_EAST_OPEN","NOT","NOT","GUA_EAST_OPEN","GUA_EAST","NOT","OPEN",4109,"GUA_EAST_OPEN","NOT","GUA_EAST_OPEN",NA
"49",49,"MARIAN","Guam","GUA_EAST_OPEN","Forereef","Shallow",421.5,NA,"GUAM_EAST_OPEN","GUA_EAST_OPEN","Guam","GUA_EAST_OPEN","GUA_EAST_OPEN","NOT","NOT","GUA_EAST_OPEN","GUA_EAST","NOT","OPEN",1686,"GUA_EAST_OPEN","NOT","GUA_EAST_OPEN",NA
"50",50,"MARIAN","Guam","GUA_HARBOR","Forereef","Deep",3.81,NA,"NOT","GUA_HARBOR","Guam","GUA_HARBOR","GUA_HARBOR","NOT","NOT","GUA_WEST_OPEN","GUA_HAR_WEST","NOT","OPEN",15,"GUA_HAR_WEST_OPEN","NOT","GUA_HARBOR",NA
"51",51,"MARIAN","Guam","GUA_HARBOR","Forereef","Mid",38.29,NA,"NOT","GUA_HARBOR","Guam","GUA_HARBOR","GUA_HARBOR","NOT","NOT","GUA_WEST_OPEN","GUA_HAR_WEST","NOT","OPEN",153,"GUA_HAR_WEST_OPEN","NOT","GUA_HARBOR",NA
"52",52,"MARIAN","Guam","GUA_HARBOR","Forereef","Shallow",95.17,NA,"NOT","GUA_HARBOR","Guam","GUA_HARBOR","GUA_HARBOR","NOT","NOT","GUA_WEST_OPEN","GUA_HAR_WEST","NOT","OPEN",381,"GUA_HAR_WEST_OPEN","NOT","GUA_HARBOR",NA
"53",53,"MARIAN","Guam","GUA_WEST_OPEN","Forereef","Deep",438.75,NA,"GUAM_WEST_OPEN","GUA_WEST_OPEN","Guam","GUA_WEST_OPEN","GUA_WEST_OPEN","NOT","NOT","GUA_WEST_OPEN","GUA_WEST","NOT","OPEN",1755,"GUA_WEST_OPEN","NOT","GUA_WEST_OPEN",NA
"54",54,"MARIAN","Guam","GUA_WEST_OPEN","Forereef","Mid",1035,NA,"GUAM_WEST_OPEN","GUA_WEST_OPEN","Guam","GUA_WEST_OPEN","GUA_WEST_OPEN","NOT","NOT","GUA_WEST_OPEN","GUA_WEST","NOT","OPEN",4140,"GUA_WEST_OPEN","NOT","GUA_WEST_OPEN",NA
"55",55,"MARIAN","Guam","GUA_WEST_OPEN","Forereef","Shallow",756.5,NA,"GUAM_WEST_OPEN","GUA_WEST_OPEN","Guam","GUA_WEST_OPEN","GUA_WEST_OPEN","NOT","NOT","GUA_WEST_OPEN","GUA_WEST","NOT","OPEN",3026,"GUA_WEST_OPEN","NOT","GUA_WEST_OPEN",NA
"56",56,"MARIAN","Guam","GUA_PATI_POINT","Forereef","Deep",155.25,NA,"GUAM_MP","GUA_MP","Guam","GUA_MP","GUA_MP_MINUS_ACHANG","NOT","NOT","GUA_EAST_MPA","GUA_EAST","NOT","PATI",621,"GUA_EAST_PATI","NOT","GUA_PATI_POINT",NA
"57",57,"MARIAN","Guam","GUA_PATI_POINT","Forereef","Mid",159,NA,"GUAM_MP","GUA_MP","Guam","GUA_MP","GUA_MP_MINUS_ACHANG","NOT","NOT","GUA_EAST_MPA","GUA_EAST","NOT","PATI",636,"GUA_EAST_PATI","NOT","GUA_PATI_POINT",NA
"58",58,"MARIAN","Guam","GUA_PATI_POINT","Forereef","Shallow",36.25,NA,"GUAM_MP","GUA_MP","Guam","GUA_MP","GUA_MP_MINUS_ACHANG","NOT","NOT","GUA_EAST_MPA","GUA_EAST","NOT","PATI",145,"GUA_EAST_PATI","NOT","GUA_PATI_POINT",NA
"59",59,"MARIAN","Guam","GUA_PITI_BOMB","Forereef","Deep",18.5,NA,"GUAM_MP","GUA_MP","Guam","GUA_MP","GUA_MP_MINUS_ACHANG","NOT","NOT","GUA_WEST_MPA","GUA_WEST","NOT","PITI",74,"GUA_WEST_PITI","NOT","GUA_PITI_BOMB",NA
"60",60,"MARIAN","Guam","GUA_PITI_BOMB","Forereef","Mid",40.25,NA,"GUAM_MP","GUA_MP","Guam","GUA_MP","GUA_MP_MINUS_ACHANG","NOT","NOT","GUA_WEST_MPA","GUA_WEST","NOT","PITI",161,"GUA_WEST_PITI","NOT","GUA_PITI_BOMB",NA
"61",61,"MARIAN","Guam","GUA_PITI_BOMB","Forereef","Shallow",23.5,NA,"GUAM_MP","GUA_MP","Guam","GUA_MP","GUA_MP_MINUS_ACHANG","NOT","NOT","GUA_WEST_MPA","GUA_WEST","NOT","PITI",94,"GUA_WEST_PITI","NOT","GUA_PITI_BOMB",NA
"62",62,"MARIAN","Guam","GUA_SASA_BAY","Forereef","Mid",2.54,NA,"NOT","GUA_MP","Guam","GUA_MP","GUA_MP_MINUS_ACHANG","NOT","NOT","GUA_WEST_MPA","GUA_HAR_WEST","NOT","SASA",10,"GUA_HAR_WEST_SASA","NOT","GUA_SASA_BAY",NA
"63",63,"MARIAN","Guam","GUA_SASA_BAY","Forereef","Shallow",61.82,NA,"NOT","GUA_MP","Guam","GUA_MP","GUA_MP_MINUS_ACHANG","NOT","NOT","GUA_WEST_MPA","GUA_HAR_WEST","NOT","SASA",247,"GUA_HAR_WEST_SASA","NOT","GUA_SASA_BAY",NA
"64",64,"MARIAN","Guam","GUA_TUMON","Forereef","Deep",27.75,NA,"GUAM_MP","GUA_MP","Guam","GUA_MP","GUA_MP_MINUS_ACHANG","NOT","NOT","GUA_WEST_MPA","GUA_WEST","NOT","TUMB",111,"GUA_WEST_TUMB","NOT","GUA_TUMON",NA
"65",65,"MARIAN","Guam","GUA_TUMON","Forereef","Mid",71.75,NA,"GUAM_MP","GUA_MP","Guam","GUA_MP","GUA_MP_MINUS_ACHANG","NOT","NOT","GUA_WEST_MPA","GUA_WEST","NOT","TUMB",287,"GUA_WEST_TUMB","NOT","GUA_TUMON",NA
"66",66,"MARIAN","Guam","GUA_TUMON","Forereef","Shallow",131,NA,"GUAM_MP","GUA_MP","Guam","GUA_MP","GUA_MP_MINUS_ACHANG","NOT","NOT","GUA_WEST_MPA","GUA_WEST","NOT","TUMB",524,"GUA_WEST_TUMB","NOT","GUA_TUMON",NA
"67",67,"MARIAN","Guguan","Guguan","Forereef","Deep",69.60776909,NA,"CNMI_UNPOP","Guguan","Guguan","NOT","NOT","NOT","NOT","GUG","GUG","NOT","OPEN",278,"GUG_OPEN","NOT","Guguan",NA
"68",68,"MARIAN","Guguan","Guguan","Forereef","Mid",73.0388079,NA,"CNMI_UNPOP","Guguan","Guguan","NOT","NOT","NOT","NOT","GUG","GUG","NOT","OPEN",292,"GUG_OPEN","NOT","Guguan",NA
"69",69,"MARIAN","Guguan","Guguan","Forereef","Shallow",57.31867709,NA,"CNMI_UNPOP","Guguan","Guguan","NOT","NOT","NOT","NOT","GUG","GUG","NOT","OPEN",229,"GUG_OPEN","NOT","Guguan",NA
"70",70,"MARIAN","Maug","Maug","Forereef","Deep",87.73461767,NA,"MTMNM","Maug","Maug","NOT","NOT","NOT","NOT","MAU","MAU","NOT","MTMM",351,"MAU_MTMM","NOT","Maug",NA
"71",71,"MARIAN","Maug","Maug","Forereef","Mid",190.6950207,NA,"MTMNM","Maug","Maug","NOT","NOT","NOT","NOT","MAU","MAU","NOT","MTMM",763,"MAU_MTMM","NOT","Maug",NA
"72",72,"MARIAN","Maug","Maug","Forereef","Shallow",35.44106339,NA,"MTMNM","Maug","Maug","NOT","NOT","NOT","NOT","MAU","MAU","NOT","MTMM",142,"MAU_MTMM","NOT","Maug",NA
"73",73,"MARIAN","Pagan","Pagan","Forereef","Deep",571.3645349,NA,"CNMI_UNPOP","Pagan","Pagan","NOT","NOT","NOT","NOT","PAG","PAG","NOT","OPEN",2285,"PAG_OPEN","NOT","Pagan",NA
"74",74,"MARIAN","Pagan","Pagan","Forereef","Mid",492.5006185,NA,"CNMI_UNPOP","Pagan","Pagan","NOT","NOT","NOT","NOT","PAG","PAG","NOT","OPEN",1970,"PAG_OPEN","NOT","Pagan",NA
"75",75,"MARIAN","Pagan","Pagan","Forereef","Shallow",449.0588004,NA,"CNMI_UNPOP","Pagan","Pagan","NOT","NOT","NOT","NOT","PAG","PAG","NOT","OPEN",1796,"PAG_OPEN","NOT","Pagan",NA
"76",76,"MARIAN","Pathfinder","Pathfinder","Forereef","Deep",33.67386448,NA,"NOT","Pathfinder","Pathfinder","NOT","NOT","NOT","NOT","Pathfinder","Pathfinder",NA,NA,NA,"Pathfinder","NOT","Pathfinder",NA
"77",77,"MARIAN","Pathfinder","Pathfinder","Forereef","Mid",46.89481662,NA,"NOT","Pathfinder","Pathfinder","NOT","NOT","NOT","NOT","Pathfinder","Pathfinder",NA,NA,NA,"Pathfinder","NOT","Pathfinder",NA
"78",78,"MARIAN","Rota","Rota","Forereef","Deep",187.5332091,NA,"Rota","Rota","Rota","NOT","NOT","NOT","NOT","ROT","ROT","NOT","OPEN",750,"ROT_OPEN","NOT","Rota",NA
"79",79,"MARIAN","Rota","Rota","Forereef","Mid",254.5438529,NA,"Rota","Rota","Rota","NOT","NOT","NOT","NOT","ROT","ROT","NOT","OPEN",1018,"ROT_OPEN","NOT","Rota",NA
"80",80,"MARIAN","Rota","Rota","Forereef","Shallow",889.2950898,NA,"Rota","Rota","Rota","NOT","NOT","NOT","NOT","ROT","ROT","NOT","OPEN",3557,"ROT_OPEN","NOT","Rota",NA
"81",81,"MARIAN","Saipan","Saipan","Backreef","Deep",0.102749263,NA,"SaTiAg","Saipan","Saipan","NOT","NOT","NOT","NOT","SAI","SAI","NOT","OPEN",2391,"SAI_OPEN","NOT","Saipan",NA
"82",82,"MARIAN","Saipan","Saipan","Backreef","Mid",0.838950538,NA,"SaTiAg","Saipan","Saipan","NOT","NOT","NOT","NOT","SAI","SAI","NOT","OPEN",2391,"SAI_OPEN","NOT","Saipan",NA
"83",83,"MARIAN","Saipan","Saipan","Backreef","Shallow",596.76696,NA,"SaTiAg","Saipan","Saipan","NOT","NOT","NOT","NOT","SAI","SAI","NOT","OPEN",2391,"SAI_OPEN","NOT","Saipan",NA
"84",84,"MARIAN","Saipan","Saipan","Forereef","Deep",1985.586578,NA,"SaTiAg","Saipan","Saipan","NOT","NOT","NOT","NOT","SAI","SAI","NOT","OPEN",7942,"SAI_OPEN","NOT","Saipan",NA
"85",85,"MARIAN","Saipan","Saipan","Forereef","Mid",1132.596536,NA,"SaTiAg","Saipan","Saipan","NOT","NOT","NOT","NOT","SAI","SAI","NOT","OPEN",4530,"SAI_OPEN","NOT","Saipan",NA
"86",86,"MARIAN","Saipan","Saipan","Forereef","Shallow",420.8277658,NA,"SaTiAg","Saipan","Saipan","NOT","NOT","NOT","NOT","SAI","SAI","NOT","OPEN",1683,"SAI_OPEN","NOT","Saipan",NA
"87",87,"MARIAN","Saipan","Saipan","Lagoon","Mid",170.5443267,NA,"SaTiAg","Saipan","Saipan","NOT","NOT","NOT","NOT","SAI","SAI","NOT","OPEN",682,"SAI_OPEN","NOT","Saipan",NA
"88",88,"MARIAN","Saipan","Saipan","Lagoon","Shallow",412.3027837,NA,"SaTiAg","Saipan","Saipan","NOT","NOT","NOT","NOT","SAI","SAI","NOT","OPEN",1649,"SAI_OPEN","NOT","Saipan",NA
"89",89,"MARIAN","Saipan","Saipan","OTHER","OTHER",126.9930931,NA,"SaTiAg","Saipan","Saipan","NOT","NOT","NOT","NOT","SAI","SAI","NOT","OPEN",NA,"SAI_OPEN","NOT","Saipan",NA
"90",90,"MARIAN","Santa Rosa","Santa Rosa","Forereef","Deep",2262.645102,NA,"NOT","Santa Rosa","Santa Rosa","NOT","NOT","NOT","NOT","Santa Rosa","Santa Rosa",NA,NA,NA,"Santa Rosa","NOT","Santa Rosa",NA
"91",91,"MARIAN","Santa Rosa","Santa Rosa","Forereef","Mid",1288.462096,NA,"NOT","Santa Rosa","Santa Rosa","NOT","NOT","NOT","NOT","Santa Rosa","Santa Rosa",NA,NA,NA,"Santa Rosa","NOT","Santa Rosa",NA
"92",92,"MARIAN","Sarigan","Sarigan","Forereef","Deep",88.30851333,NA,"CNMI_UNPOP","Sarigan","Sarigan","NOT","NOT","NOT","NOT","SAR","SAR","NOT","OPEN",353,"SAR_OPEN","NOT","Sarigan",NA
"93",93,"MARIAN","Sarigan","Sarigan","Forereef","Mid",29.81657193,NA,"CNMI_UNPOP","Sarigan","Sarigan","NOT","NOT","NOT","NOT","SAR","SAR","NOT","OPEN",119,"SAR_OPEN","NOT","Sarigan",NA
"94",94,"MARIAN","Sarigan","Sarigan","Forereef","Shallow",79.43434663,NA,"CNMI_UNPOP","Sarigan","Sarigan","NOT","NOT","NOT","NOT","SAR","SAR","NOT","OPEN",318,"SAR_OPEN","NOT","Sarigan",NA
"95",95,"MARIAN","Supply Reef","Supply Reef","Forereef","Deep",8.705859815,NA,"NOT","Supply Reef","Supply Reef","NOT","NOT","NOT","NOT","Supply Reef","Supply Reef",NA,NA,NA,"Supply Reef","NOT","Supply Reef",NA
"96",96,"MARIAN","Supply Reef","Supply Reef","Forereef","Mid",1.192725779,NA,"NOT","Supply Reef","Supply Reef","NOT","NOT","NOT","NOT","Supply Reef","Supply Reef",NA,NA,NA,"Supply Reef","NOT","Supply Reef",NA
"97",97,"MARIAN","Tatsumi","Tatsumi","Forereef","Deep",88.09014362,NA,"NOT","Tatsumi","Tatsumi","NOT","NOT","NOT","NOT","Tatsumi","Tatsumi",NA,NA,NA,"Tatsumi","NOT","Tatsumi",NA
"98",98,"MARIAN","Tatsumi","Tatsumi","Forereef","Mid",136.1279988,NA,"NOT","Tatsumi","Tatsumi","NOT","NOT","NOT","NOT","Tatsumi","Tatsumi",NA,NA,NA,"Tatsumi","NOT","Tatsumi",NA
"99",99,"MARIAN","Tinian","Tinian","Forereef","Deep",557.103082,NA,"SaTiAg","Tinian","Tinian","NOT","NOT","NOT","NOT","TIN","TIN","NOT","OPEN",2228,"TIN_OPEN","NOT","Tinian",NA
"100",100,"MARIAN","Tinian","Tinian","Forereef","Mid",534.0549959,NA,"SaTiAg","Tinian","Tinian","NOT","NOT","NOT","NOT","TIN","TIN","NOT","OPEN",2136,"TIN_OPEN","NOT","Tinian",NA
"101",101,"MARIAN","Tinian","Tinian","Forereef","Shallow",323.0482252,NA,"SaTiAg","Tinian","Tinian","NOT","NOT","NOT","NOT","TIN","TIN","NOT","OPEN",1292,"TIN_OPEN","NOT","Tinian",NA
"102",102,"MHI","Hawaii","HAW_HAMAKUA","Forereef","Deep",1479.311358,1760,"Hawaii","HAW_HAMAKUA","HAW_HAMAKUA","NOT","NOT","NOT","NOT","HAW_CM","HAW_HA","CM","OPEN",5917,"HAW_CMHA_CM_OPEN","NOT","HAW_HAMAKUA","Not much hard/soft information"
"103",103,"MHI","Hawaii","HAW_HAMAKUA","Forereef","Mid",2334.19033,1919,"Hawaii","HAW_HAMAKUA","HAW_HAMAKUA","NOT","NOT","NOT","NOT","HAW_CM","HAW_HA","CM","OPEN",9337,"HAW_CMHA_CM_OPEN","NOT","HAW_HAMAKUA","Not much hard/soft information"
"104",104,"MHI","Hawaii","HAW_HAMAKUA","Forereef","Shallow",1117.329716,622,"Hawaii","HAW_HAMAKUA","HAW_HAMAKUA","NOT","NOT","NOT","NOT","HAW_CM","HAW_HA","CM","OPEN",4469,"HAW_CMHA_CM_OPEN","NOT","HAW_HAMAKUA","Not much hard/soft information"
"105",105,"MHI","Hawaii","HAW_KONA","Forereef","Deep",1546.877064,1617,"Hawaii","HAW_KONA","HAW_KONA","NOT","NOT","NOT","NOT","HAW_CR","HAW_KO","CR","OPEN",6188,"HAW_CRKO_CR_OPEN","NOT","HAW_KONA",NA
"106",106,"MHI","Hawaii","HAW_KONA","Forereef","Mid",2362.718917,2328,"Hawaii","HAW_KONA","HAW_KONA","NOT","NOT","NOT","NOT","HAW_CR","HAW_KO","CR","OPEN",9451,"HAW_CRKO_CR_OPEN","NOT","HAW_KONA",NA
"107",107,"MHI","Hawaii","HAW_KONA","Forereef","Shallow",1817.863584,1204,"Hawaii","HAW_KONA","HAW_KONA","NOT","NOT","NOT","NOT","HAW_CR","HAW_KO","CR","OPEN",7271,"HAW_CRKO_CR_OPEN","NOT","HAW_KONA",NA
"108",108,"MHI","Hawaii","HAW_PUNA","Forereef","Deep",1446.862405,1429,"Hawaii","HAW_PUNA","HAW_PUNA","NOT","NOT","NOT","NOT","HAW_CM","HAW_PU","CM","OPEN",5787,"HAW_CMPU_CM_OPEN","NOT","HAW_PUNA",NA
"109",109,"MHI","Hawaii","HAW_PUNA","Forereef","Mid",1603.885128,1580,"Hawaii","HAW_PUNA","HAW_PUNA","NOT","NOT","NOT","NOT","HAW_CM","HAW_PU","CM","OPEN",6416,"HAW_CMPU_CM_OPEN","NOT","HAW_PUNA",NA
"110",110,"MHI","Hawaii","HAW_PUNA","Forereef","Shallow",1012.92738,379,"Hawaii","HAW_PUNA","HAW_PUNA","NOT","NOT","NOT","NOT","HAW_CM","HAW_PU","CM","OPEN",4052,"HAW_CMPU_CM_OPEN","NOT","HAW_PUNA",NA
"111",111,"MHI","Hawaii","HAW_SE","Forereef","Deep",593.4841055,658,"Hawaii","HAW_SE","HAW_SE","NOT","NOT","NOT","NOT","HAW_CM","HAW_SE","CM","OPEN",2374,"HAW_CMSE_CM_OPEN","NOT","HAW_SE",NA
"112",112,"MHI","Hawaii","HAW_SE","Forereef","Mid",857.7582457,720,"Hawaii","HAW_SE","HAW_SE","NOT","NOT","NOT","NOT","HAW_CM","HAW_SE","CM","OPEN",3431,"HAW_CMSE_CM_OPEN","NOT","HAW_SE",NA
"113",113,"MHI","Hawaii","HAW_SE","Forereef","Shallow",666.5433106,350,"Hawaii","HAW_SE","HAW_SE","NOT","NOT","NOT","NOT","HAW_CM","HAW_SE","CM","OPEN",2666,"HAW_CMSE_CM_OPEN","NOT","HAW_SE",NA
"114",114,"MHI","Kahoolawe","KAH_NORTH","Forereef","Deep",200,398,"Maui-nui","KAH_NORTH","KAH_NORTH","NOT","NOT","NOT","NOT","KAH_CR","KAH_NO","CR","OPEN",811,"KAH_CRNO_CR_OPEN","NOT","KAH_NORTH","Unkown Size .. Setting to 1/6 of our very rough ballpark estimate of habitat area. It seems low! Critical point for now is that all Kahoolawe sectors are eqaully sized"
"115",115,"MHI","Kahoolawe","KAH_NORTH","Forereef","Mid",200,412,"Maui-nui","KAH_NORTH","KAH_NORTH","NOT","NOT","NOT","NOT","KAH_CR","KAH_NO","CR","OPEN",811,"KAH_CRNO_CR_OPEN","NOT","KAH_NORTH","Unkown Size .. Setting to 1/6 of our very rough ballpark estimate of habitat area. It seems low! Critical point for now is that all Kahoolawe sectors are eqaully sized"
"116",116,"MHI","Kahoolawe","KAH_NORTH","Forereef","Shallow",200,155,"Maui-nui","KAH_NORTH","KAH_NORTH","NOT","NOT","NOT","NOT","KAH_CR","KAH_NO","CR","OPEN",811,"KAH_CRNO_CR_OPEN","NOT","KAH_NORTH","Unkown Size .. Setting to 1/6 of our very rough ballpark estimate of habitat area. It seems low! Critical point for now is that all Kahoolawe sectors are eqaully sized"
"117",117,"MHI","Kahoolawe","KAH_SOUTH","Forereef","Deep",200,405,"Maui-nui","KAH_SOUTH","KAH_SOUTH","NOT","NOT","NOT","NOT","KAH_CR","KAH_SO","CR","OPEN",944,"KAH_CRSO_CR_OPEN","NOT","KAH_SOUTH","Unkown Size .. Setting to 1/6 of our very rough ballpark estimate of habitat area. It seems low! Critical point for now is that all Kahoolawe sectors are eqaully sized"
"118",118,"MHI","Kahoolawe","KAH_SOUTH","Forereef","Mid",200,409,"Maui-nui","KAH_SOUTH","KAH_SOUTH","NOT","NOT","NOT","NOT","KAH_CR","KAH_SO","CR","OPEN",944,"KAH_CRSO_CR_OPEN","NOT","KAH_SOUTH","Unkown Size .. Setting to 1/6 of our very rough ballpark estimate of habitat area. It seems low! Critical point for now is that all Kahoolawe sectors are eqaully sized"
"119",119,"MHI","Kahoolawe","KAH_SOUTH","Forereef","Shallow",200,84,"Maui-nui","KAH_SOUTH","KAH_SOUTH","NOT","NOT","NOT","NOT","KAH_CR","KAH_SO","CR","OPEN",944,"KAH_CRSO_CR_OPEN","NOT","KAH_SOUTH","Unkown Size .. Setting to 1/6 of our very rough ballpark estimate of habitat area. It seems low! Critical point for now is that all Kahoolawe sectors are eqaully sized"
"120",120,"MHI","Kauai","KAU_EAST","Forereef","Deep",2891.111917,3566,"Kaa-Nii","KAU_EAST","KAU_EAST","NOT","NOT","NOT","NOT","KAU_SI","KAU_EA","SI","OPEN",11564,"KAU_SIEA_SI_OPEN","NOT","KAU_EAST",NA
"121",121,"MHI","Kauai","KAU_EAST","Forereef","Mid",5602.631417,5624,"Kaa-Nii","KAU_EAST","KAU_EAST","NOT","NOT","NOT","NOT","KAU_SI","KAU_EA","SI","OPEN",22411,"KAU_SIEA_SI_OPEN","NOT","KAU_EAST",NA
"122",122,"MHI","Kauai","KAU_EAST","Forereef","Shallow",3051.65048,1981,"Kaa-Nii","KAU_EAST","KAU_EAST","NOT","NOT","NOT","NOT","KAU_SI","KAU_EA","SI","OPEN",12207,"KAU_SIEA_SI_OPEN","NOT","KAU_EAST",NA
"123",123,"MHI","Kauai","KAU_NAPALI","Forereef","Deep",4307.948554,4535,"Kaa-Nii","KAU_NAPALI","KAU_NAPALI","NOT","NOT","NOT","NOT","KAU_SI","KAU_NA","SI","OPEN",17232,"KAU_SINA_SI_OPEN","NOT","KAU_NAPALI",NA
"124",124,"MHI","Kauai","KAU_NAPALI","Forereef","Mid",1876.001023,1918,"Kaa-Nii","KAU_NAPALI","KAU_NAPALI","NOT","NOT","NOT","NOT","KAU_SI","KAU_NA","SI","OPEN",7504,"KAU_SINA_SI_OPEN","NOT","KAU_NAPALI",NA
"125",125,"MHI","Kauai","KAU_NAPALI","Forereef","Shallow",397.7237848,405,"Kaa-Nii","KAU_NAPALI","KAU_NAPALI","NOT","NOT","NOT","NOT","KAU_SI","KAU_NA","SI","OPEN",1591,"KAU_SINA_SI_OPEN","NOT","KAU_NAPALI",NA
"126",126,"MHI","Kaula","KAL_KAULA","Forereef","Deep",277.0347708,47,"Kaa-Nii","KAL_KAULA","KAL_KAULA","NOT","NOT","NOT","NOT","KAL_SI","KAL_AL","SI","OPEN",1108,"KAL_SIAL_SI_OPEN","NOT","KAL_KAULA",NA
"127",127,"MHI","Kaula","KAL_KAULA","Forereef","Mid",50.28867577,38,"Kaa-Nii","KAL_KAULA","KAL_KAULA","NOT","NOT","NOT","NOT","KAL_SI","KAL_AL","SI","OPEN",201,"KAL_SIAL_SI_OPEN","NOT","KAL_KAULA",NA
"128",128,"MHI","Kaula","KAL_KAULA","Forereef","Shallow",18.50064904,20,"Kaa-Nii","KAL_KAULA","KAL_KAULA","NOT","NOT","NOT","NOT","KAL_SI","KAL_AL","SI","OPEN",74,"KAL_SIAL_SI_OPEN","NOT","KAL_KAULA",NA
"129",129,"MHI","Lanai","LAN_NORTH","Forereef","Deep",291.3020737,669,"Maui-nui","LAN_NORTH","LAN_NORTH","NOT","NOT","NOT","NOT","LAN_CR","LAN_NO","CR","OPEN",1165,"LAN_CRNO_CR_OPEN","NOT","LAN_NORTH",NA
"130",130,"MHI","Lanai","LAN_NORTH","Forereef","Mid",599.9003844,661,"Maui-nui","LAN_NORTH","LAN_NORTH","NOT","NOT","NOT","NOT","LAN_CR","LAN_NO","CR","OPEN",2400,"LAN_CRNO_CR_OPEN","NOT","LAN_NORTH",NA
"131",131,"MHI","Lanai","LAN_NORTH","Forereef","Shallow",631.8075072,280,"Maui-nui","LAN_NORTH","LAN_NORTH","NOT","NOT","NOT","NOT","LAN_CR","LAN_NO","CR","OPEN",2527,"LAN_CRNO_CR_OPEN","NOT","LAN_NORTH",NA
"132",132,"MHI","Lanai","LAN_SOUTH","Forereef","Deep",246.6043512,562,"Maui-nui","LAN_SOUTH","LAN_SOUTH","NOT","NOT","NOT","NOT","LAN_CM","LAN_SO","CM","OPEN",986,"LAN_CMSO_CM_OPEN","NOT","LAN_SOUTH",NA
"133",133,"MHI","Lanai","LAN_SOUTH","Forereef","Mid",487.9877445,697,"Maui-nui","LAN_SOUTH","LAN_SOUTH","NOT","NOT","NOT","NOT","LAN_CM","LAN_SO","CM","OPEN",1952,"LAN_CMSO_CM_OPEN","NOT","LAN_SOUTH",NA
"134",134,"MHI","Lanai","LAN_SOUTH","Forereef","Shallow",746.0718328,377,"Maui-nui","LAN_SOUTH","LAN_SOUTH","NOT","NOT","NOT","NOT","LAN_CM","LAN_SO","CM","OPEN",2984,"LAN_CMSO_CM_OPEN","NOT","LAN_SOUTH",NA
"135",135,"MHI","Maui","MAI_HANA","Forereef","Deep",225.5929875,286,"Maui-nui","MAI_HANA","MAI_HANA","NOT","NOT","NOT","NOT","MAI_CM","MAI_HA","CM","OPEN",902,"MAI_CMHA_CM_OPEN","NOT","MAI_HANA",NA
"136",136,"MHI","Maui","MAI_HANA","Forereef","Mid",258.3916816,311,"Maui-nui","MAI_HANA","MAI_HANA","NOT","NOT","NOT","NOT","MAI_CM","MAI_HA","CM","OPEN",1034,"MAI_CMHA_CM_OPEN","NOT","MAI_HANA",NA
"137",137,"MHI","Maui","MAI_HANA","Forereef","Shallow",190.0864145,163,"Maui-nui","MAI_HANA","MAI_HANA","NOT","NOT","NOT","NOT","MAI_CM","MAI_HA","CM","OPEN",760,"MAI_CMHA_CM_OPEN","NOT","MAI_HANA",NA
"138",138,"MHI","Maui","MAI_KAHULUI","Forereef","Deep",438.345922,509,"Maui-nui","MAI_KAHULUI","MAI_KAHULUI","NOT","NOT","NOT","NOT","MAI_CM","MAI_KA","CM","OPEN",1753,"MAI_CMKA_CM_OPEN","NOT","MAI_KAHULUI",NA
"139",139,"MHI","Maui","MAI_KAHULUI","Forereef","Mid",850.0936376,850,"Maui-nui","MAI_KAHULUI","MAI_KAHULUI","NOT","NOT","NOT","NOT","MAI_CM","MAI_KA","CM","OPEN",3400,"MAI_CMKA_CM_OPEN","NOT","MAI_KAHULUI",NA
"140",140,"MHI","Maui","MAI_KAHULUI","Forereef","Shallow",1099.201993,427,"Maui-nui","MAI_KAHULUI","MAI_KAHULUI","NOT","NOT","NOT","NOT","MAI_CM","MAI_KA","CM","OPEN",4397,"MAI_CMKA_CM_OPEN","NOT","MAI_KAHULUI",NA
"141",141,"MHI","Maui","MAI_KIHEI","Forereef","Deep",537.9614588,512,"Maui-nui","MAI_KIHEI","MAI_KIHEI","NOT","NOT","NOT","NOT","MAI_CM","MAI_KI","CM","OPEN",2152,"MAI_CMKI_CM_OPEN","NOT","MAI_KIHEI",NA
"142",142,"MHI","Maui","MAI_KIHEI","Forereef","Mid",682.5282166,695,"Maui-nui","MAI_KIHEI","MAI_KIHEI","NOT","NOT","NOT","NOT","MAI_CM","MAI_KI","CM","OPEN",2730,"MAI_CMKI_CM_OPEN","NOT","MAI_KIHEI",NA
"143",143,"MHI","Maui","MAI_KIHEI","Forereef","Shallow",650.0680159,276,"Maui-nui","MAI_KIHEI","MAI_KIHEI","NOT","NOT","NOT","NOT","MAI_CM","MAI_KI","CM","OPEN",2600,"MAI_CMKI_CM_OPEN","NOT","MAI_KIHEI",NA
"144",144,"MHI","Maui","MAI_LAHAINA","Forereef","Deep",287.1615845,348,"Maui-nui","MAI_LAHAINA","MAI_LAHAINA","NOT","NOT","NOT","NOT","MAI_SI","MAI_LA","SI","OPEN",1149,"MAI_SILA_SI_OPEN","NOT","MAI_LAHAINA",NA
"145",145,"MHI","Maui","MAI_LAHAINA","Forereef","Mid",483.9295632,540,"Maui-nui","MAI_LAHAINA","MAI_LAHAINA","NOT","NOT","NOT","NOT","MAI_SI","MAI_LA","SI","OPEN",1936,"MAI_SILA_SI_OPEN","NOT","MAI_LAHAINA",NA
"146",146,"MHI","Maui","MAI_LAHAINA","Forereef","Shallow",439.3470347,293,"Maui-nui","MAI_LAHAINA","MAI_LAHAINA","NOT","NOT","NOT","NOT","MAI_SI","MAI_LA","SI","OPEN",1757,"MAI_SILA_SI_OPEN","NOT","MAI_LAHAINA",NA
"147",147,"MHI","Maui","MAI_MOLOKINI","Forereef","Deep",6.25,11,"Maui-nui","MAI_MOLOKINI","MAI_MOLOKINI","NOT","NOT","NOT","NOT","MAI_CR","MAI_MO","CR","OPEN",NA,"MAI_CRMO_CR_OPEN","NOT","MAI_MOLOKINI","Assume is 25ha, assume 50% is mid, split rest equally"
"148",148,"MHI","Maui","MAI_MOLOKINI","Forereef","Mid",12.5,9,"Maui-nui","MAI_MOLOKINI","MAI_MOLOKINI","NOT","NOT","NOT","NOT","MAI_CR","MAI_MO","CR","OPEN",NA,"MAI_CRMO_CR_OPEN","NOT","MAI_MOLOKINI","Assume is 25ha, assume 50% is mid, split rest equally"
"149",149,"MHI","Maui","MAI_MOLOKINI","Forereef","Shallow",6.25,NA,"Maui-nui","MAI_MOLOKINI","MAI_MOLOKINI","NOT","NOT","NOT","NOT","MAI_CR","MAI_MO","CR","OPEN",NA,"MAI_CRMO_CR_OPEN","NOT","MAI_MOLOKINI","Assume is 25ha, assume 50% is mid, split rest equally"
"150",150,"MHI","Maui","MAI_NE","Forereef","Deep",883.3579854,1011,"Maui-nui","MAI_NE","MAI_NE","NOT","NOT","NOT","NOT","MAI_CM","MAI_NE","CM","OPEN",3533,"MAI_CMNE_CM_OPEN","NOT","MAI_NE",NA
"151",151,"MHI","Maui","MAI_NE","Forereef","Mid",926.711758,970,"Maui-nui","MAI_NE","MAI_NE","NOT","NOT","NOT","NOT","MAI_CM","MAI_NE","CM","OPEN",3707,"MAI_CMNE_CM_OPEN","NOT","MAI_NE",NA
"152",152,"MHI","Maui","MAI_NE","Forereef","Shallow",481.2408332,341,"Maui-nui","MAI_NE","MAI_NE","NOT","NOT","NOT","NOT","MAI_CM","MAI_NE","CM","OPEN",1925,"MAI_CMNE_CM_OPEN","NOT","MAI_NE",NA
"153",153,"MHI","Maui","MAI_NW","Forereef","Deep",315.7175228,359,"Maui-nui","MAI_NW","MAI_NW","NOT","NOT","NOT","NOT","MAI_CM","MAI_NW","CM","OPEN",1263,"MAI_CMNW_CM_OPEN","NOT","MAI_NW",NA
"154",154,"MHI","Maui","MAI_NW","Forereef","Mid",287.74445,323,"Maui-nui","MAI_NW","MAI_NW","NOT","NOT","NOT","NOT","MAI_CM","MAI_NW","CM","OPEN",1151,"MAI_CMNW_CM_OPEN","NOT","MAI_NW",NA
"155",155,"MHI","Maui","MAI_NW","Forereef","Shallow",176.1167662,126,"Maui-nui","MAI_NW","MAI_NW","NOT","NOT","NOT","NOT","MAI_CM","MAI_NW","CM","OPEN",704,"MAI_CMNW_CM_OPEN","NOT","MAI_NW",NA
"156",156,"MHI","Maui","MAI_SE","Forereef","Deep",788.37286,1029,"Maui-nui","MAI_SE","MAI_SE","NOT","NOT","NOT","NOT","MAI_CM","MAI_SE","CM","OPEN",3153,"MAI_CMSE_CM_OPEN","NOT","MAI_SE",NA
"157",157,"MHI","Maui","MAI_SE","Forereef","Mid",690.2023226,829,"Maui-nui","MAI_SE","MAI_SE","NOT","NOT","NOT","NOT","MAI_CM","MAI_SE","CM","OPEN",2761,"MAI_CMSE_CM_OPEN","NOT","MAI_SE",NA
"158",158,"MHI","Maui","MAI_SE","Forereef","Shallow",405.0121276,304,"Maui-nui","MAI_SE","MAI_SE","NOT","NOT","NOT","NOT","MAI_CM","MAI_SE","CM","OPEN",1620,"MAI_CMSE_CM_OPEN","NOT","MAI_SE",NA
"159",159,"MHI","Molokai","MOL_NW","Forereef","Deep",733.1293957,851,"Maui-nui","MOL_NW","MOL_NW","NOT","NOT","NOT","NOT","MOL_SI","MOL_NW","SI","OPEN",2933,"MOL_SINW_SI_OPEN","NOT","MOL_NW",NA
"160",160,"MHI","Molokai","MOL_NW","Forereef","Mid",601.1779629,855,"Maui-nui","MOL_NW","MOL_NW","NOT","NOT","NOT","NOT","MOL_SI","MOL_NW","SI","OPEN",2405,"MOL_SINW_SI_OPEN","NOT","MOL_NW",NA
"161",161,"MHI","Molokai","MOL_NW","Forereef","Shallow",501.1542337,285,"Maui-nui","MOL_NW","MOL_NW","NOT","NOT","NOT","NOT","MOL_SI","MOL_NW","SI","OPEN",2005,"MOL_SINW_SI_OPEN","NOT","MOL_NW",NA
"162",162,"MHI","Molokai","MOL_PALI","Forereef","Deep",634.0842128,810,"Maui-nui","MOL_PALI","MOL_PALI","NOT","NOT","NOT","NOT","MOL_CM","MOL_PA","CM","OPEN",2536,"MOL_CMPA_CM_OPEN","NOT","MOL_PALI",NA
"163",163,"MHI","Molokai","MOL_PALI","Forereef","Mid",467.9624676,788,"Maui-nui","MOL_PALI","MOL_PALI","NOT","NOT","NOT","NOT","MOL_CM","MOL_PA","CM","OPEN",1872,"MOL_CMPA_CM_OPEN","NOT","MOL_PALI",NA
"164",164,"MHI","Molokai","MOL_PALI","Forereef","Shallow",516.2585992,317,"Maui-nui","MOL_PALI","MOL_PALI","NOT","NOT","NOT","NOT","MOL_CM","MOL_PA","CM","OPEN",2065,"MOL_CMPA_CM_OPEN","NOT","MOL_PALI",NA
"165",165,"MHI","Molokai","MOL_SOUTH","Forereef","Deep",603.9775235,944,"Maui-nui","MOL_SOUTH","MOL_SOUTH","NOT","NOT","NOT","NOT","MOL_CR","MOL_SO","CR","OPEN",2416,"MOL_CRSO_CR_OPEN","NOT","MOL_SOUTH",NA
"166",166,"MHI","Molokai","MOL_SOUTH","Forereef","Mid",1293.344283,1549,"Maui-nui","MOL_SOUTH","MOL_SOUTH","NOT","NOT","NOT","NOT","MOL_CR","MOL_SO","CR","OPEN",5173,"MOL_CRSO_CR_OPEN","NOT","MOL_SOUTH",NA
"167",167,"MHI","Molokai","MOL_SOUTH","Forereef","Shallow",4232.003508,1425,"Maui-nui","MOL_SOUTH","MOL_SOUTH","NOT","NOT","NOT","NOT","MOL_CR","MOL_SO","CR","OPEN",16928,"MOL_CRSO_CR_OPEN","NOT","MOL_SOUTH",NA
"168",168,"MHI","Molokai","MOL_WEST","Forereef","Deep",1384.213479,1874,"Maui-nui","MOL_WEST","MOL_WEST","NOT","NOT","NOT","NOT","MOL_SI","MOL_WE","SI","OPEN",5537,"MOL_SIWE_SI_OPEN","NOT","MOL_WEST",NA
"169",169,"MHI","Molokai","MOL_WEST","Forereef","Mid",1250.749123,1334,"Maui-nui","MOL_WEST","MOL_WEST","NOT","NOT","NOT","NOT","MOL_SI","MOL_WE","SI","OPEN",5003,"MOL_SIWE_SI_OPEN","NOT","MOL_WEST",NA
"170",170,"MHI","Molokai","MOL_WEST","Forereef","Shallow",512.2388267,284,"Maui-nui","MOL_WEST","MOL_WEST","NOT","NOT","NOT","NOT","MOL_SI","MOL_WE","SI","OPEN",2049,"MOL_SIWE_SI_OPEN","NOT","MOL_WEST",NA
"171",171,"MHI","Niihau","NII_EAST","Forereef","Deep",1027.496786,1354,"Kaa-Nii","NII_EAST","NII_EAST","NOT","NOT","NOT","NOT","NII_SI","NII_EA","SI","OPEN",4110,"NII_SIEA_SI_OPEN","NOT","NII_EAST",NA
"172",172,"MHI","Niihau","NII_EAST","Forereef","Mid",1137.990268,916,"Kaa-Nii","NII_EAST","NII_EAST","NOT","NOT","NOT","NOT","NII_SI","NII_EA","SI","OPEN",4552,"NII_SIEA_SI_OPEN","NOT","NII_EAST",NA
"173",173,"MHI","Niihau","NII_EAST","Forereef","Shallow",613.9646175,422,"Kaa-Nii","NII_EAST","NII_EAST","NOT","NOT","NOT","NOT","NII_SI","NII_EA","SI","OPEN",2456,"NII_SIEA_SI_OPEN","NOT","NII_EAST",NA
"174",174,"MHI","Niihau","NII_LEHUA","Forereef","Deep",263,254,"Kaa-Nii","NII_LEHUA","NII_LEHUA","NOT","NOT","NOT","NOT","NII_CM","NII_LE","CM","OPEN",1052,"NII_CMLE_CM_OPEN","NOT","NII_LEHUA",NA
"175",175,"MHI","Niihau","NII_LEHUA","Forereef","Mid",487.75,608,"Kaa-Nii","NII_LEHUA","NII_LEHUA","NOT","NOT","NOT","NOT","NII_CM","NII_LE","CM","OPEN",1951,"NII_CMLE_CM_OPEN","NOT","NII_LEHUA",NA
"176",176,"MHI","Niihau","NII_LEHUA","Forereef","Shallow",354.75,247,"Kaa-Nii","NII_LEHUA","NII_LEHUA","NOT","NOT","NOT","NOT","NII_CM","NII_LE","CM","OPEN",1419,"NII_CMLE_CM_OPEN","NOT","NII_LEHUA",NA
"177",177,"MHI","Niihau","NII_WEST","Forereef","Deep",1468.465202,1654,"Kaa-Nii","NII_WEST","NII_WEST","NOT","NOT","NOT","NOT","NII_SI","NII_WE","SI","OPEN",5874,"NII_SIWE_SI_OPEN","NOT","NII_WEST",NA
"178",178,"MHI","Niihau","NII_WEST","Forereef","Mid",2992.988492,3048,"Kaa-Nii","NII_WEST","NII_WEST","NOT","NOT","NOT","NOT","NII_SI","NII_WE","SI","OPEN",11972,"NII_SIWE_SI_OPEN","NOT","NII_WEST",NA
"179",179,"MHI","Niihau","NII_WEST","Forereef","Shallow",919.395945,589,"Kaa-Nii","NII_WEST","NII_WEST","NOT","NOT","NOT","NOT","NII_SI","NII_WE","SI","OPEN",3678,"NII_SIWE_SI_OPEN","NOT","NII_WEST",NA
"180",180,"MHI","Oahu","OAH_EAST","Forereef","Deep",978.9371021,1098,"Oahu","OAH_EAST","OAH_EAST","NOT","NOT","NOT","NOT","OAH_CM","OAH_EA","SI","OPEN",3916,"OAH_CMEA_SI_OPEN","NOT","OAH_EAST",NA
"181",181,"MHI","Oahu","OAH_EAST","Forereef","Mid",1848.277607,1785,"Oahu","OAH_EAST","OAH_EAST","NOT","NOT","NOT","NOT","OAH_CM","OAH_EA","SI","OPEN",7393,"OAH_CMEA_SI_OPEN","NOT","OAH_EAST",NA
"182",182,"MHI","Oahu","OAH_EAST","Forereef","Shallow",1541.871579,278,"Oahu","OAH_EAST","OAH_EAST","NOT","NOT","NOT","NOT","OAH_CM","OAH_EA","SI","OPEN",6167,"OAH_CMEA_SI_OPEN","NOT","OAH_EAST",NA
"183",183,"MHI","Oahu","OAH_KAENA","Forereef","Deep",673.0399306,802,"Oahu","OAH_KAENA","OAH_KAENA","NOT","NOT","NOT","NOT","OAH_CM","OAH_KA","SI","OPEN",2692,"OAH_CMKA_SI_OPEN","NOT","OAH_KAENA",NA
"184",184,"MHI","Oahu","OAH_KAENA","Forereef","Mid",632.1302084,755,"Oahu","OAH_KAENA","OAH_KAENA","NOT","NOT","NOT","NOT","OAH_CM","OAH_KA","SI","OPEN",2529,"OAH_CMKA_SI_OPEN","NOT","OAH_KAENA",NA
"185",185,"MHI","Oahu","OAH_KAENA","Forereef","Shallow",343.0090114,290,"Oahu","OAH_KAENA","OAH_KAENA","NOT","NOT","NOT","NOT","OAH_CM","OAH_KA","SI","OPEN",1372,"OAH_CMKA_SI_OPEN","NOT","OAH_KAENA",NA
"186",186,"MHI","Oahu","OAH_NE","Forereef","Deep",605.4764457,636,"Oahu","OAH_NE","OAH_NE","NOT","NOT","NOT","NOT","OAH_SI","OAH_NE","SI","OPEN",2422,"OAH_SINE_SI_OPEN","NOT","OAH_NE",NA
"187",187,"MHI","Oahu","OAH_NE","Forereef","Mid",3213.604407,3274,"Oahu","OAH_NE","OAH_NE","NOT","NOT","NOT","NOT","OAH_SI","OAH_NE","SI","OPEN",12854,"OAH_SINE_SI_OPEN","NOT","OAH_NE",NA
"188",188,"MHI","Oahu","OAH_NE","Forereef","Shallow",3680.967178,1487,"Oahu","OAH_NE","OAH_NE","NOT","NOT","NOT","NOT","OAH_SI","OAH_NE","SI","OPEN",14724,"OAH_SINE_SI_OPEN","NOT","OAH_NE",NA
"189",189,"MHI","Oahu","OAH_NORTH","Forereef","Deep",556.2921428,917,"Oahu","OAH_NORTH","OAH_NORTH","NOT","NOT","NOT","NOT","OAH_SI","OAH_NO","SI","OPEN",2225,"OAH_SINO_SI_OPEN","NOT","OAH_NORTH",NA
"190",190,"MHI","Oahu","OAH_NORTH","Forereef","Mid",1146.80066,1361,"Oahu","OAH_NORTH","OAH_NORTH","NOT","NOT","NOT","NOT","OAH_SI","OAH_NO","SI","OPEN",4587,"OAH_SINO_SI_OPEN","NOT","OAH_NORTH",NA
"191",191,"MHI","Oahu","OAH_NORTH","Forereef","Shallow",856.7078885,806,"Oahu","OAH_NORTH","OAH_NORTH","NOT","NOT","NOT","NOT","OAH_SI","OAH_NO","SI","OPEN",3427,"OAH_SINO_SI_OPEN","NOT","OAH_NORTH",NA
"192",192,"MHI","Oahu","OAH_SOUTH","Forereef","Deep",1457.29677,1619,"Oahu","OAH_SOUTH","OAH_SOUTH","NOT","NOT","NOT","NOT","OAH_SI","OAH_SO","SI","OPEN",5829,"OAH_SISO_SI_OPEN","NOT","OAH_SOUTH",NA
"193",193,"MHI","Oahu","OAH_SOUTH","Forereef","Mid",3926.206706,4511,"Oahu","OAH_SOUTH","OAH_SOUTH","NOT","NOT","NOT","NOT","OAH_SI","OAH_SO","SI","OPEN",15705,"OAH_SISO_SI_OPEN","NOT","OAH_SOUTH",NA
"194",194,"MHI","Oahu","OAH_SOUTH","Forereef","Shallow",3658.205214,3282,"Oahu","OAH_SOUTH","OAH_SOUTH","NOT","NOT","NOT","NOT","OAH_SI","OAH_SO","SI","OPEN",14633,"OAH_SISO_SI_OPEN","NOT","OAH_SOUTH",NA
"195",195,"NWHI","Brooks","Brooks","Forereef","Deep",66.21195617,NA,"NWHI_NOT_NCRMP","Brooks","Brooks","NOT","NOT","NOT","NOT","Brooks","Brooks","NOT","BANK",66,"Brooks_BANK","NOT","Brooks",NA
"196",196,"NWHI","French Frigate","French Frigate","Backreef","Mid",56.00798857,96,"NWHI","French Frigate","French Frigate","NOT","NOT","NOT","NOT","FFS","FFS","NOT","PMNM",35,"FFS","NOT","French Frigate",NA
"197",197,"NWHI","French Frigate","French Frigate","Backreef","Shallow",1079.678505,1062,"NWHI","French Frigate","French Frigate","NOT","NOT","NOT","NOT","FFS","FFS","NOT","PMNM",635,"FFS","NOT","French Frigate",NA
"198",198,"NWHI","French Frigate","French Frigate","Forereef","Deep",247.22,1418,"NWHI","French Frigate","French Frigate","NOT","NOT","NOT","NOT","FFS","FFS","NOT","PMNM",3237,"FFS","NOT","French Frigate",NA
"199",199,"NWHI","French Frigate","French Frigate","Forereef","Mid",4498.01,3391,"NWHI","French Frigate","French Frigate","NOT","NOT","NOT","NOT","FFS","FFS","NOT","PMNM",4787,"FFS","NOT","French Frigate",NA
"200",200,"NWHI","French Frigate","French Frigate","Forereef","Shallow",652.92,714,"NWHI","French Frigate","French Frigate","NOT","NOT","NOT","NOT","FFS","FFS","NOT","PMNM",849,"FFS","NOT","French Frigate",NA
"201",201,"NWHI","French Frigate","French Frigate","Lagoon","Mid",7827.37,11565,"NWHI","French Frigate","French Frigate","NOT","NOT","NOT","NOT","FFS","FFS","NOT","PMNM",11060,"FFS","NOT","French Frigate",NA
"202",202,"NWHI","French Frigate","French Frigate","Lagoon","Shallow",1900.78,1753,"NWHI","French Frigate","French Frigate","NOT","NOT","NOT","NOT","FFS","FFS","NOT","PMNM",2139,"FFS","NOT","French Frigate",NA
"203",203,"NWHI","French Frigate","French Frigate","Protected Slope","Deep",8082.28,19118,"NWHI","French Frigate","French Frigate","NOT","NOT","NOT","NOT","FFS","FFS","NOT","PMNM",32329.12,"FFS","NOT","French Frigate",NA
"204",204,"NWHI","French Frigate","French Frigate","Protected Slope","Mid",3420.42,2550,"NWHI","French Frigate","French Frigate","NOT","NOT","NOT","NOT","FFS","FFS","NOT","PMNM",13681.68,"FFS","NOT","French Frigate",NA
"205",205,"NWHI","French Frigate","French Frigate","Protected Slope","Shallow",1,2,"NWHI","French Frigate","French Frigate","NOT","NOT","NOT","NOT","FFS","FFS","NOT","PMNM",4,"FFS","NOT","French Frigate","We have 2 sites now called Protected Slope Shallow. They possibly should be Lagoon or something else.. But we do need a sector value for now"
"206",206,"SAMOA","Tutuila","TUT_AUNUU_A","Forereef","Deep",79.25,NA,"TUT_NTH","TUT_NE_OPEN","Tutuila","NOT","NOT","TUT_NE","TUT_NE_OPEN","TUT_NE","TUT_NE","NOT","AUNA",317,"TUT_NE_AUNA","TUT_AUNUU","TUT_AUNUU_A",NA
"207",207,"SAMOA","Tutuila","TUT_AUNUU_A","Forereef","Mid",151.55944,NA,"TUT_NTH","TUT_NE_OPEN","Tutuila","NOT","NOT","TUT_NE","TUT_NE_OPEN","TUT_NE","TUT_NE","NOT","AUNA",606,"TUT_NE_AUNA","TUT_AUNUU","TUT_AUNUU_A",NA
"208",208,"SAMOA","Tutuila","TUT_AUNUU_A","Forereef","Shallow",22.626828,NA,"TUT_NTH","TUT_NE_OPEN","Tutuila","NOT","NOT","TUT_NE","TUT_NE_OPEN","TUT_NE","TUT_NE","NOT","AUNA",91,"TUT_NE_AUNA","TUT_AUNUU","TUT_AUNUU_A",NA
"209",209,"SAMOA","Tutuila","TUT_FAGALUA","Forereef","Deep",7.729803,NA,"TUT_STH","TUT_SW_OPEN","Tutuila","NOT","NOT","TUT_SW_OPEN","TUT_SW_OPEN","TUT_SW","TUT_SW","NOT","FAGL",31,"TUT_SW_FAGL","TUT_FAGALUA_FAGATELE","TUT_FAGALUA_FAGATELE",NA
"210",210,"SAMOA","Tutuila","TUT_FAGALUA","Forereef","Mid",27.717142,NA,"TUT_STH","TUT_SW_OPEN","Tutuila","NOT","NOT","TUT_SW_OPEN","TUT_SW_OPEN","TUT_SW","TUT_SW","NOT","FAGL",111,"TUT_SW_FAGL","TUT_FAGALUA_FAGATELE","TUT_FAGALUA_FAGATELE",NA
"211",211,"SAMOA","Tutuila","TUT_FAGALUA","Forereef","Shallow",6.628024,NA,"TUT_STH","TUT_SW_OPEN","Tutuila","NOT","NOT","TUT_SW_OPEN","TUT_SW_OPEN","TUT_SW","TUT_SW","NOT","FAGL",27,"TUT_SW_FAGL","TUT_FAGALUA_FAGATELE","TUT_FAGALUA_FAGATELE",NA
"212",212,"NWHI","Gardner","Gardner","Forereef","Deep",28559.86045,NA,"NWHI_NOT_NCRMP","Gardner","Gardner","NOT","NOT","NOT","NOT","GAR","GAR","NOT","PMNM",28560,"GAR","NOT","Gardner","Virtually no bathymetry, huge uncertainty, assuming 90% of roughly estimates bottom is in deep forereef"
"213",213,"NWHI","Gardner","Gardner","Forereef","Mid",1586.658914,NA,"NWHI_NOT_NCRMP","Gardner","Gardner","NOT","NOT","NOT","NOT","GAR","GAR","NOT","PMNM",1587,"GAR","NOT","Gardner","Virtually no bathymetry, huge uncertainty, assuming 90% of roughly estimates bottom is in deep forereef"
"214",214,"NWHI","Gardner","Gardner","Forereef","Shallow",1586.658914,NA,"NWHI_NOT_NCRMP","Gardner","Gardner","NOT","NOT","NOT","NOT","GAR","GAR","NOT","PMNM",1587,"GAR","NOT","Gardner","Virtually no bathymetry, huge uncertainty, assuming 90% of roughly estimates bottom is in deep forereef"
"215",215,"NWHI","Kure","Kure","Backreef","Mid",0.694431419,3,"NWHI","Kure","Kure","NOT","NOT","NOT","NOT","KUR","KUR","NOT","PMNM",1,"KUR","NOT","Kure",NA
"216",216,"NWHI","Kure","Kure","Backreef","Shallow",312.5339812,606,"NWHI","Kure","Kure","NOT","NOT","NOT","NOT","KUR","KUR","NOT","PMNM",313,"KUR","NOT","Kure",NA
"217",217,"NWHI","Kure","Kure","Forereef","Deep",1122.511521,393,"NWHI","Kure","Kure","NOT","NOT","NOT","NOT","KUR","KUR","NOT","PMNM",1123,"KUR","NOT","Kure",NA
"218",218,"NWHI","Kure","Kure","Forereef","Mid",1096.142722,1039,"NWHI","Kure","Kure","NOT","NOT","NOT","NOT","KUR","KUR","NOT","PMNM",1096,"KUR","NOT","Kure",NA
"219",219,"NWHI","Kure","Kure","Forereef","Shallow",219.8318451,228,"NWHI","Kure","Kure","NOT","NOT","NOT","NOT","KUR","KUR","NOT","PMNM",220,"KUR","NOT","Kure",NA
"220",220,"NWHI","Kure","Kure","Lagoon","Mid",146.065072,143,"NWHI","Kure","Kure","NOT","NOT","NOT","NOT","KUR","KUR","NOT","PMNM",146,"KUR","NOT","Kure",NA
"221",221,"NWHI","Kure","Kure","Lagoon","Shallow",801.5929159,599,"NWHI","Kure","Kure","NOT","NOT","NOT","NOT","KUR","KUR","NOT","PMNM",802,"KUR","NOT","Kure",NA
"222",222,"NWHI","Laysan","Laysan","Forereef","Deep",1763.688407,8326,"NWHI","Laysan","Laysan","NOT","NOT","NOT","NOT","LAY","LAY","NOT","PMNM",1764,"LAY","NOT","Laysan","Very rough guess, many many estimations"
"223",223,"NWHI","Laysan","Laysan","Forereef","Mid",1435.923054,688,"NWHI","Laysan","Laysan","NOT","NOT","NOT","NOT","LAY","LAY","NOT","PMNM",1436,"LAY","NOT","Laysan","Very rough guess, many many estimations"
"224",224,"NWHI","Laysan","Laysan","Forereef","Shallow",200,81,"NWHI","Laysan","Laysan","NOT","NOT","NOT","NOT","LAY","LAY","NOT","PMNM",200,"LAY","NOT","Laysan","Very rough guess, many many estimations"
"225",225,"NWHI","Lisianski","Lisianski","Forereef","Deep",14059.07869,20386,"NWHI","Lisianski","Lisianski","NOT","NOT","NOT","NOT","LIS","LIS","NOT","PMNM",14059,"LIS","NOT","Lisianski","Major unknowns in maps - habitat and bathymetry ..lots of guesstimation .. Potential to be VERY wrong"
"226",226,"NWHI","Lisianski","Lisianski","Forereef","Mid",11054.46672,7405,"NWHI","Lisianski","Lisianski","NOT","NOT","NOT","NOT","LIS","LIS","NOT","PMNM",11054,"LIS","NOT","Lisianski","Major unknowns in maps - habitat and bathymetry ..lots of guesstimation .. Potential to be VERY wrong"
"227",227,"NWHI","Lisianski","Lisianski","Forereef","Shallow",5841.383859,1942,"NWHI","Lisianski","Lisianski","NOT","NOT","NOT","NOT","LIS","LIS","NOT","PMNM",5841,"LIS","NOT","Lisianski","Major unknowns in maps - habitat and bathymetry ..lots of guesstimation .. Potential to be VERY wrong"
"228",228,"NWHI","Maro","Maro","Backreef","Deep",4466.87792,9544,"NWHI","Maro","Maro","NOT","NOT","NOT","NOT","MAR","MAR","NOT","PMNM",4467,"MAR","NOT","Maro",NA
"229",229,"NWHI","Maro","Maro","Backreef","Mid",3728.607834,1814,"NWHI","Maro","Maro","NOT","NOT","NOT","NOT","MAR","MAR","NOT","PMNM",3729,"MAR","NOT","Maro",NA
"230",230,"NWHI","Maro","Maro","Forereef","Deep",5403.476117,44425,"NWHI","Maro","Maro","NOT","NOT","NOT","NOT","MAR","MAR","NOT","PMNM",5403,"MAR","NOT","Maro",NA
"231",231,"NWHI","Maro","Maro","Forereef","Mid",14308.88263,22409,"NWHI","Maro","Maro","NOT","NOT","NOT","NOT","MAR","MAR","NOT","PMNM",14309,"MAR","NOT","Maro",NA
"232",232,"NWHI","Maro","Maro","Forereef","Shallow",5894.320658,632,"NWHI","Maro","Maro","NOT","NOT","NOT","NOT","MAR","MAR","NOT","PMNM",5894,"MAR","NOT","Maro",NA
"233",233,"NWHI","Maro","Maro","Lagoon","Mid",207.821398,1207,"NWHI","Maro","Maro","NOT","NOT","NOT","NOT","MAR","MAR","NOT","PMNM",208,"MAR","NOT","Maro",NA
"234",234,"NWHI","Maro","Maro","Lagoon","Shallow",182.6414462,618,"NWHI","Maro","Maro","NOT","NOT","NOT","NOT","MAR","MAR","NOT","PMNM",183,"MAR","NOT","Maro",NA
"235",235,"NWHI","Midway","Midway","Backreef","Deep",0.009372889,NA,"NWHI","Midway","Midway","NOT","NOT","NOT","NOT","MID","MID","NOT","PMNM",0,"MID","NOT","Midway",NA
"236",236,"NWHI","Midway","Midway","Backreef","Mid",4.95344021,1,"NWHI","Midway","Midway","NOT","NOT","NOT","NOT","MID","MID","NOT","PMNM",5,"MID","NOT","Midway",NA
"237",237,"NWHI","Midway","Midway","Backreef","Shallow",409.997152,431,"NWHI","Midway","Midway","NOT","NOT","NOT","NOT","MID","MID","NOT","PMNM",410,"MID","NOT","Midway",NA
"238",238,"NWHI","Midway","Midway","Forereef","Deep",1566.839533,1520,"NWHI","Midway","Midway","NOT","NOT","NOT","NOT","MID","MID","NOT","PMNM",1567,"MID","NOT","Midway",NA
"239",239,"NWHI","Midway","Midway","Forereef","Mid",1472.589454,1327,"NWHI","Midway","Midway","NOT","NOT","NOT","NOT","MID","MID","NOT","PMNM",1473,"MID","NOT","Midway",NA
"240",240,"NWHI","Midway","Midway","Forereef","Shallow",254.2145327,567,"NWHI","Midway","Midway","NOT","NOT","NOT","NOT","MID","MID","NOT","PMNM",254,"MID","NOT","Midway",NA
"241",241,"NWHI","Midway","Midway","Lagoon","Deep",0.005735694,NA,"NWHI","Midway","Midway","NOT","NOT","NOT","NOT","MID","MID","NOT","PMNM",0,"MID","NOT","Midway",NA
"242",242,"NWHI","Midway","Midway","Lagoon","Mid",396.1011223,126,"NWHI","Midway","Midway","NOT","NOT","NOT","NOT","MID","MID","NOT","PMNM",396,"MID","NOT","Midway",NA
"243",243,"NWHI","Midway","Midway","Lagoon","Shallow",890.879595,1303,"NWHI","Midway","Midway","NOT","NOT","NOT","NOT","MID","MID","NOT","PMNM",891,"MID","NOT","Midway",NA
"244",244,"NWHI","Necker","Necker","Forereef","Deep",491.2692997,NA,"NWHI_NOT_NCRMP","Necker","Necker","NOT","NOT","NOT","NOT","NEC","NEC","NOT","PMNM",491,"NEC","NOT","Necker",NA
"245",245,"NWHI","Necker","Necker","Forereef","Mid",136.8155079,NA,"NWHI_NOT_NCRMP","Necker","Necker","NOT","NOT","NOT","NOT","NEC","NEC","NOT","PMNM",137,"NEC","NOT","Necker",NA
"246",246,"NWHI","Necker","Necker","Forereef","Shallow",8.536971662,NA,"NWHI_NOT_NCRMP","Necker","Necker","NOT","NOT","NOT","NOT","NEC","NEC","NOT","PMNM",9,"NEC","NOT","Necker",NA
"247",247,"NWHI","Nihoa","Nihoa","Forereef","Deep",351.5016844,NA,"NWHI_NOT_NCRMP","Nihoa","Nihoa","NOT","NOT","NOT","NOT","NIH","NIH","NOT","PMNM",352,"NIH","NOT","Nihoa","Gaps in bathymetry"
"248",248,"NWHI","Nihoa","Nihoa","Forereef","Mid",52.68378472,NA,"NWHI_NOT_NCRMP","Nihoa","Nihoa","NOT","NOT","NOT","NOT","NIH","NIH","NOT","PMNM",53,"NIH","NOT","Nihoa","Gaps in bathymetry"
"249",249,"NWHI","Nihoa","Nihoa","Forereef","Shallow",5.680626717,NA,"NWHI_NOT_NCRMP","Nihoa","Nihoa","NOT","NOT","NOT","NOT","NIH","NIH","NOT","PMNM",6,"NIH","NOT","Nihoa","Gaps in bathymetry"
"250",250,"NWHI","Pearl & Hermes","Pearl & Hermes","Backreef","Mid",48.85735714,57,"NWHI","Pearl & Hermes","Pearl & Hermes","NOT","NOT","NOT","NOT","PHR","PHR","NOT","PMNM",49,"PHR","NOT","Pearl & Hermes",NA
"251",251,"NWHI","Pearl & Hermes","Pearl & Hermes","Backreef","Shallow",1422.620999,2018,"NWHI","Pearl & Hermes","Pearl & Hermes","NOT","NOT","NOT","NOT","PHR","PHR","NOT","PMNM",1423,"PHR","NOT","Pearl & Hermes",NA
"252",252,"NWHI","Pearl & Hermes","Pearl & Hermes","Forereef","Deep",2427.794421,3768,"NWHI","Pearl & Hermes","Pearl & Hermes","NOT","NOT","NOT","NOT","PHR","PHR","NOT","PMNM",2428,"PHR","NOT","Pearl & Hermes",NA
"253",253,"NWHI","Pearl & Hermes","Pearl & Hermes","Forereef","Mid",5454.131479,3806,"NWHI","Pearl & Hermes","Pearl & Hermes","NOT","NOT","NOT","NOT","PHR","PHR","NOT","PMNM",5454,"PHR","NOT","Pearl & Hermes",NA
"254",254,"NWHI","Pearl & Hermes","Pearl & Hermes","Forereef","Shallow",615.6033439,448,"NWHI","Pearl & Hermes","Pearl & Hermes","NOT","NOT","NOT","NOT","PHR","PHR","NOT","PMNM",616,"PHR","NOT","Pearl & Hermes",NA
"255",255,"NWHI","Pearl & Hermes","Pearl & Hermes","Lagoon","Mid",2681.950925,8262,"NWHI","Pearl & Hermes","Pearl & Hermes","NOT","NOT","NOT","NOT","PHR","PHR","NOT","PMNM",2682,"PHR","NOT","Pearl & Hermes",NA
"256",256,"NWHI","Pearl & Hermes","Pearl & Hermes","Lagoon","Shallow",5161.106161,4029,"NWHI","Pearl & Hermes","Pearl & Hermes","NOT","NOT","NOT","NOT","PHR","PHR","NOT","PMNM",5161,"PHR","NOT","Pearl & Hermes",NA
"257",257,"NWHI","Pioneer","Pioneer","Forereef","Deep",5.320384168,NA,"NWHI_NOT_NCRMP","Pioneer","Pioneer","NOT","NOT","NOT","NOT","Pioneer","Pioneer","NOT","BANK",5,"Pioneer","NOT","Pioneer",NA
"258",258,"NWHI","Raita","Raita","Forereef","Deep",3118.12,NA,"NWHI_NOT_NCRMP","Raita","Raita","NOT","NOT","NOT","NOT","Raita","Raita","NOT","BANK",3118,"Raita","NOT","Raita",NA
"259",259,"NWHI","Raita","Raita","Forereef","Mid",335.75,NA,"NWHI_NOT_NCRMP","Raita","Raita","NOT","NOT","NOT","NOT","Raita","Raita","NOT","BANK",336,"Raita","NOT","Raita",NA
"260",260,"NWHI","StRogatine","StRogatine","Forereef","Deep",1726.935,NA,"NWHI_NOT_NCRMP","StRogatine","StRogatine","NOT","NOT","NOT","NOT","StRogatine","StRogatine","NOT","BANK",1727,"StRogatine","NOT","StRogatine",NA
"261",261,"PRIAs","Baker","Baker","Forereef","Deep",60.02154356,NA,"How_Bak","Baker","Baker","NOT","NOT","NOT","NOT","BAK","BAK","NOT","PRIMNM",240,"BAK","NOT","Baker",NA
"262",262,"PRIAs","Baker","Baker","Forereef","Mid",118.6325616,NA,"How_Bak","Baker","Baker","NOT","NOT","NOT","NOT","BAK","BAK","NOT","PRIMNM",475,"BAK","NOT","Baker",NA
"263",263,"PRIAs","Baker","Baker","Forereef","Shallow",211.6216964,NA,"How_Bak","Baker","Baker","NOT","NOT","NOT","NOT","BAK","BAK","NOT","PRIMNM",846,"BAK","NOT","Baker",NA
"264",264,"PRIAs","Howland","Howland","Forereef","Deep",18.78664183,NA,"How_Bak","Howland","Howland","NOT","NOT","NOT","NOT","HOW","HOW","NOT","PRIMNM",75,"HOW","NOT","Howland",NA
"265",265,"PRIAs","Howland","Howland","Forereef","Mid",40.21083959,NA,"How_Bak","Howland","Howland","NOT","NOT","NOT","NOT","HOW","HOW","NOT","PRIMNM",161,"HOW","NOT","Howland",NA
"266",266,"PRIAs","Howland","Howland","Forereef","Shallow",113.8553854,NA,"How_Bak","Howland","Howland","NOT","NOT","NOT","NOT","HOW","HOW","NOT","PRIMNM",455,"HOW","NOT","Howland",NA
"267",267,"PRIAs","Jarvis","Jarvis","Forereef","Deep",19.64306398,NA,"Jarvis","Jarvis","Jarvis","NOT","NOT","NOT","NOT","JAR","JAR","NOT","PRIMNM",79,"JAR","NOT","Jarvis",NA
"268",268,"PRIAs","Jarvis","Jarvis","Forereef","Mid",191.1130626,NA,"Jarvis","Jarvis","Jarvis","NOT","NOT","NOT","NOT","JAR","JAR","NOT","PRIMNM",764,"JAR","NOT","Jarvis",NA
"269",269,"PRIAs","Jarvis","Jarvis","Forereef","Shallow",155.1495257,NA,"Jarvis","Jarvis","Jarvis","NOT","NOT","NOT","NOT","JAR","JAR","NOT","PRIMNM",621,"JAR","NOT","Jarvis",NA
"270",270,"PRIAs","Johnston","Johnston","Backreef","Mid",24.08,NA,"Johnston","Johnston","Johnston","NOT","NOT","NOT","NOT","JOH","JOH","NOT","PRIMNM",96,"JOH","NOT","Johnston","Assumes 80% hard - should pool this very small amout of mid with shallow"
"271",271,"PRIAs","Johnston","Johnston","Backreef","Shallow",333.2,NA,"Johnston","Johnston","Johnston","NOT","NOT","NOT","NOT","JOH","JOH","NOT","PRIMNM",1333,"JOH","NOT","Johnston","Assumes 80% hard"
"272",272,"PRIAs","Johnston","Johnston","Forereef","Deep",107.38,NA,"Johnston","Johnston","Johnston","NOT","NOT","NOT","NOT","JOH","JOH","NOT","PRIMNM",430,"JOH","NOT","Johnston","Assumes 98% hardbottom"
"273",273,"PRIAs","Johnston","Johnston","Forereef","Mid",242.05,NA,"Johnston","Johnston","Johnston","NOT","NOT","NOT","NOT","JOH","JOH","NOT","PRIMNM",968,"JOH","NOT","Johnston","Assumes 98% hardbottom"
"274",274,"PRIAs","Johnston","Johnston","Forereef","Shallow",283.22,NA,"Johnston","Johnston","Johnston","NOT","NOT","NOT","NOT","JOH","JOH","NOT","PRIMNM",1133,"JOH","NOT","Johnston","Assumes 98% hardbottom"
"275",275,"PRIAs","Johnston","Johnston","Lagoon","Deep",7.76,NA,"Johnston","Johnston","Johnston","NOT","NOT","NOT","NOT","JOH","JOH","NOT","PRIMNM",31,"JOH","NOT","Johnston","Assumes 45% hardbottom - should definitely pool lagoon deep with lagoon moderate"
"276",276,"PRIAs","Johnston","Johnston","Lagoon","Mid",1630.99,NA,"Johnston","Johnston","Johnston","NOT","NOT","NOT","NOT","JOH","JOH","NOT","PRIMNM",6524,"JOH","NOT","Johnston","Assumes 45% hardbottom"
"277",277,"PRIAs","Johnston","Johnston","Lagoon","Shallow",1273.9,NA,"Johnston","Johnston","Johnston","NOT","NOT","NOT","NOT","JOH","JOH","NOT","PRIMNM",5096,"JOH","NOT","Johnston","Assumes 45% hardbottom"
"278",278,"PRIAs","Johnston","Johnston","Protected Slope","Deep",3223.37,NA,"Johnston","Johnston","Johnston","NOT","NOT","NOT","NOT","JOH","JOH",NA,NA,12893.48,"JOH","NOT","Johnston","Assumes 50% hardbottom"
"279",279,"PRIAs","Johnston","Johnston","Protected Slope","Mid",2711.37,NA,"Johnston","Johnston","Johnston","NOT","NOT","NOT","NOT","JOH","JOH",NA,NA,10845.48,"JOH","NOT","Johnston","Assumes 50% hardbottom"
"280",280,"PRIAs","Johnston","Johnston","Protected Slope","Shallow",6.88,NA,"Johnston","Johnston","Johnston","NOT","NOT","NOT","NOT","JOH","JOH",NA,NA,27.52,"JOH","NOT","Johnston","Assumes 50% hardbottom - should pool shallow protected with mid"
"281",281,"PRIAs","Kingman","Kingman","Backreef","Deep",50.25,NA,"King_Pal","Kingman","Kingman","NOT","NOT","NOT","NOT","KIN","KIN","NOT","PRIMNM",163,"KIN","NOT","Kingman","From Grids ASSUMES 90% Hard"
"282",282,"PRIAs","Kingman","Kingman","Backreef","Mid",203.25,NA,"King_Pal","Kingman","Kingman","NOT","NOT","NOT","NOT","KIN","KIN","NOT","PRIMNM",739,"KIN","NOT","Kingman","From Grids ASSUMES 90% Hard"
"283",283,"PRIAs","Kingman","Kingman","Backreef","Shallow",380.75,NA,"King_Pal","Kingman","Kingman","NOT","NOT","NOT","NOT","KIN","KIN","NOT","PRIMNM",989,"KIN","NOT","Kingman","From Grids ASSUMES 90% Hard"
"284",284,"PRIAs","Kingman","Kingman","Forereef","Deep",46.75,NA,"King_Pal","Kingman","Kingman","NOT","NOT","NOT","NOT","KIN","KIN","NOT","PRIMNM",285,"KIN","NOT","Kingman","From Grids ASSUMES 99% Hard"
"285",285,"PRIAs","Kingman","Kingman","Forereef","Mid",282.5,NA,"King_Pal","Kingman","Kingman","NOT","NOT","NOT","NOT","KIN","KIN","NOT","PRIMNM",2236,"KIN","NOT","Kingman","From Grids ASSUMES 99% Hard"
"286",286,"PRIAs","Kingman","Kingman","Forereef","Shallow",279,NA,"King_Pal","Kingman","Kingman","NOT","NOT","NOT","NOT","KIN","KIN","NOT","PRIMNM",1140,"KIN","NOT","Kingman","From Grids ASSUMES 99% Hard"
"287",287,"PRIAs","Kingman","Kingman","Lagoon","Deep",876.75,NA,"King_Pal","Kingman","Kingman","NOT","NOT","NOT","NOT","KIN","KIN","NOT","PRIMNM",4052,"KIN","NOT","Kingman","From Grids Assumes 60% hard bottom"
"288",288,"PRIAs","Kingman","Kingman","Lagoon","Mid",74.75,NA,"King_Pal","Kingman","Kingman","NOT","NOT","NOT","NOT","KIN","KIN","NOT","PRIMNM",304,"KIN","NOT","Kingman","From Grids Assumes 60% hard bottom"
"289",289,"PRIAs","Kingman","Kingman","Lagoon","Shallow",0.25,NA,"King_Pal","Kingman","Kingman","NOT","NOT","NOT","NOT","KIN","KIN","NOT","PRIMNM",2,"KIN","NOT","Kingman","From Grids Assumes 60% hard bottom"
"290",290,"PRIAs","Kingman","Kingman","Protected Slope","Deep",229,NA,"King_Pal","Kingman","Kingman","NOT","NOT","NOT","NOT","KIN","KIN",NA,"PRIMNM",756,"KIN","NOT","Kingman","From Grids ASSUMES 90% Hard"
"291",291,"PRIAs","Kingman","Kingman","Protected Slope","Mid",1328.25,NA,"King_Pal","Kingman","Kingman","NOT","NOT","NOT","NOT","KIN","KIN",NA,"PRIMNM",4786,"KIN","NOT","Kingman","From Grids ASSUMES 90% Hard"
"292",292,"PRIAs","Kingman","Kingman","Protected Slope","Shallow",19.25,NA,"King_Pal","Kingman","Kingman","NOT","NOT","NOT","NOT","KIN","KIN",NA,"PRIMNM",77,"KIN","NOT","Kingman","From Grids ASSUMES 90% Hard"
"293",293,"PRIAs","Palmyra","Palmyra","Backreef","Deep",11.58568484,NA,"King_Pal","Palmyra","Palmyra","NOT","NOT","NOT","NOT","PAL","PAL","NOT","PRIMNM",46,"PAL","NOT","Palmyra",NA
"294",294,"PRIAs","Palmyra","Palmyra","Backreef","Mid",67.99264287,NA,"King_Pal","Palmyra","Palmyra","NOT","NOT","NOT","NOT","PAL","PAL","NOT","PRIMNM",272,"PAL","NOT","Palmyra",NA
"295",295,"PRIAs","Palmyra","Palmyra","Backreef","Shallow",1246.94781,NA,"King_Pal","Palmyra","Palmyra","NOT","NOT","NOT","NOT","PAL","PAL","NOT","PRIMNM",4988,"PAL","NOT","Palmyra",NA
"296",296,"PRIAs","Palmyra","Palmyra","Forereef","Deep",623.950261,NA,"King_Pal","Palmyra","Palmyra","NOT","NOT","NOT","NOT","PAL","PAL","NOT","PRIMNM",2496,"PAL","NOT","Palmyra",NA
"297",297,"PRIAs","Palmyra","Palmyra","Forereef","Mid",1527.372655,NA,"King_Pal","Palmyra","Palmyra","NOT","NOT","NOT","NOT","PAL","PAL","NOT","PRIMNM",6109,"PAL","NOT","Palmyra",NA
"298",298,"PRIAs","Palmyra","Palmyra","Forereef","Shallow",642.028097,NA,"King_Pal","Palmyra","Palmyra","NOT","NOT","NOT","NOT","PAL","PAL","NOT","PRIMNM",2568,"PAL","NOT","Palmyra",NA
"299",299,"PRIAs","Palmyra","Palmyra","Lagoon","Mid",54.8903582,NA,"King_Pal","Palmyra","Palmyra","NOT","NOT","NOT","NOT","PAL","PAL","NOT","PRIMNM",220,"PAL","NOT","Palmyra",NA
"300",300,"PRIAs","Palmyra","Palmyra","Lagoon","Shallow",18.69397438,NA,"King_Pal","Palmyra","Palmyra","NOT","NOT","NOT","NOT","PAL","PAL","NOT","PRIMNM",75,"PAL","NOT","Palmyra",NA
"301",301,"PRIAs","Palmyra","Palmyra","OTHER","OTHER",19.27986332,NA,"King_Pal","Palmyra","Palmyra","NOT","NOT","NOT","NOT","PAL","PAL",NA,NA,NA,"PAL","NOT","Palmyra",NA
"302",302,"PRIAs","Wake","Wake","Backreef","Deep",0.008197859,NA,"Wake","Wake","Wake","NOT","NOT","NOT","NOT","WAK","WAK","NOT","PRIMNM",0,"WAK","NOT","Wake",NA
"303",303,"PRIAs","Wake","Wake","Backreef","Mid",5.530948577,NA,"Wake","Wake","Wake","NOT","NOT","NOT","NOT","WAK","WAK","NOT","PRIMNM",22,"WAK","NOT","Wake",NA
"304",304,"PRIAs","Wake","Wake","Backreef","Shallow",689.5000228,NA,"Wake","Wake","Wake","NOT","NOT","NOT","NOT","WAK","WAK","NOT","PRIMNM",2758,"WAK","NOT","Wake",NA
"305",305,"PRIAs","Wake","Wake","Forereef","Deep",59.48386537,NA,"Wake","Wake","Wake","NOT","NOT","NOT","NOT","WAK","WAK","NOT","PRIMNM",238,"WAK","NOT","Wake",NA
"306",306,"PRIAs","Wake","Wake","Forereef","Mid",102.2772869,NA,"Wake","Wake","Wake","NOT","NOT","NOT","NOT","WAK","WAK","NOT","PRIMNM",409,"WAK","NOT","Wake",NA
"307",307,"PRIAs","Wake","Wake","Forereef","Shallow",117.9897305,NA,"Wake","Wake","Wake","NOT","NOT","NOT","NOT","WAK","WAK","NOT","PRIMNM",472,"WAK","NOT","Wake",NA
"308",308,"PRIAs","Wake","Wake","Lagoon","Shallow",307.2366532,NA,"Wake","Wake","Wake","NOT","NOT","NOT","NOT","WAK","WAK","NOT","PRIMNM",1229,"WAK","NOT","Wake",NA
"309",309,"SAMOA","Ofu & Olosega","Ofu & Olosega","Forereef","Deep",303.685,NA,"Ofu & Olosega","Ofu & Olosega","Ofu & Olosega","NOT","NOT","NOT","Ofu & Olosega","OFU","OFU","NOT","OPEN",1215,"OFU_OPEN","NOT","Ofu & Olosega","Area calculated from 50*50 grids"
"310",310,"SAMOA","Ofu & Olosega","Ofu & Olosega","Forereef","Mid",369.0125,NA,"Ofu & Olosega","Ofu & Olosega","Ofu & Olosega","NOT","NOT","NOT","Ofu & Olosega","OFU","OFU","NOT","OPEN",1476,"OFU_OPEN","NOT","Ofu & Olosega","Area calculated from 50*50 grids"
"311",311,"SAMOA","Ofu & Olosega","Ofu & Olosega","Forereef","Shallow",120.675,NA,"Ofu & Olosega","Ofu & Olosega","Ofu & Olosega","NOT","NOT","NOT","Ofu & Olosega","OFU","OFU","NOT","OPEN",483,"OFU_OPEN","NOT","Ofu & Olosega","Area calculated from 50*50 grids"
"312",312,"SAMOA","Rose","ROS_INNER","Backreef","Mid",11.5,NA,"Rose","ROS_INNER","ROS_INNER","NOT","NOT","NOT","ROS_INNER","ROS","ROS",NA,"MPA",46,"ROS_MPA","NOT","ROS_INNER","Area calculated from 50*50 grids"
"313",313,"SAMOA","Rose","ROS_INNER","Backreef","Shallow",159.8562,NA,"Rose","ROS_INNER","ROS_INNER","NOT","NOT","NOT","ROS_INNER","ROS","ROS",NA,"MPA",639,"ROS_MPA","NOT","ROS_INNER","Area calculated from 50*50 grids"
"314",314,"SAMOA","Rose","ROS_INNER","Lagoon","Deep",74.5,NA,"Rose","ROS_INNER","ROS_INNER","NOT","NOT","NOT","ROS_INNER","ROS","ROS",NA,"MPA",298,"ROS_MPA","NOT","ROS_INNER","Area calculated from 50*50 grids"
"315",315,"SAMOA","Rose","ROS_INNER","Lagoon","Mid",27.5,NA,"Rose","ROS_INNER","ROS_INNER","NOT","NOT","NOT","ROS_INNER","ROS","ROS",NA,"MPA",110,"ROS_MPA","NOT","ROS_INNER","Area calculated from 50*50 grids"
"316",316,"SAMOA","Rose","ROS_INNER","Lagoon","Shallow",2.25,NA,"Rose","ROS_INNER","ROS_INNER","NOT","NOT","NOT","ROS_INNER","ROS","ROS",NA,"MPA",9,"ROS_MPA","NOT","ROS_INNER","Area calculated from 50*50 grids"
"317",317,"SAMOA","Rose","ROS_SANCTUARY","Forereef","Deep",16.5025,NA,"Rose","ROS_SANCTUARY","ROS_SANCTUARY","NOT","NOT","NOT","ROS_SANCTUARY","ROS","ROS",NA,"MPA",66,"ROS_MPA","NOT","ROS_SANCTUARY","Area calculated from 50*50 grids"
"318",318,"SAMOA","Rose","ROS_SANCTUARY","Forereef","Mid",85.3,NA,"Rose","ROS_SANCTUARY","ROS_SANCTUARY","NOT","NOT","NOT","ROS_SANCTUARY","ROS","ROS",NA,"MPA",341,"ROS_MPA","NOT","ROS_SANCTUARY","Area calculated from 50*50 grids"
"319",319,"SAMOA","Rose","ROS_SANCTUARY","Forereef","Shallow",18.4925,NA,"Rose","ROS_SANCTUARY","ROS_SANCTUARY","NOT","NOT","NOT","ROS_SANCTUARY","ROS","ROS",NA,"MPA",74,"ROS_MPA","NOT","ROS_SANCTUARY","Area calculated from 50*50 grids"
"320",320,"SAMOA","Rose","ROS_UNSAMPLED","OTHER","OTHER",46.345,NA,"Rose","ROS_UNSAMPLED","ROS_UNSAMPLED","NOT","NOT","NOT","ROS_UNSAMPLED","ROS","ROS",NA,"MPA",NA,"ROS_MPA","NOT","ROS_UNSAMPLED","Area calculated from 50*50 grids"
"321",321,"SAMOA","South Bank","South Bank","Forereef","Deep",25,NA,"NOT","South Bank","South Bank","NOT","NOT","NOT","South Bank","South Bank","South Bank",NA,NA,NA,"South Bank","NOT","South Bank","Arbitrarily setting to 25ha, assuming also that it is all deep .. CRED found it hard to find any bottom < 30m"
"322",322,"SAMOA","Swains","SWA_OPEN","Forereef","Deep",2.930460683,NA,"Swains","SWA_OPEN","Swains","NOT","NOT","NOT","SWA_OPEN","SWA","SWA",NA,"OPEN",12,"SWA_OPEN","NOT","SWA_OPEN",NA
"323",323,"SAMOA","Swains","SWA_OPEN","Forereef","Mid",15.6128307,NA,"Swains","SWA_OPEN","Swains","NOT","NOT","NOT","SWA_OPEN","SWA","SWA",NA,"OPEN",62,"SWA_OPEN","NOT","SWA_OPEN",NA
"324",324,"SAMOA","Swains","SWA_OPEN","Forereef","Shallow",92.22740392,NA,"Swains","SWA_OPEN","Swains","NOT","NOT","NOT","SWA_OPEN","SWA","SWA",NA,"OPEN",369,"SWA_OPEN","NOT","SWA_OPEN",NA
"325",325,"SAMOA","Swains","SWA_SANCTUARY","Forereef","Deep",9.371844797,NA,"Swains","SWA_SANCTUARY","Swains","NOT","NOT","NOT","SWA_SANCTUARY","SWA","SWA",NA,"MPA",37,"SWA_MPA","NOT","SWA_SANCTUARY",NA
"326",326,"SAMOA","Swains","SWA_SANCTUARY","Forereef","Mid",41.80811022,NA,"Swains","SWA_SANCTUARY","Swains","NOT","NOT","NOT","SWA_SANCTUARY","SWA","SWA",NA,"MPA",167,"SWA_MPA","NOT","SWA_SANCTUARY",NA
"327",327,"SAMOA","Swains","SWA_SANCTUARY","Forereef","Shallow",118.5523679,NA,"Swains","SWA_SANCTUARY","Swains","NOT","NOT","NOT","SWA_SANCTUARY","SWA","SWA",NA,"MPA",474,"SWA_MPA","NOT","SWA_SANCTUARY",NA
"328",328,"SAMOA","Tau","TAU_OPEN","Forereef","Deep",179.335,NA,"Tau","TAU_OPEN","Tau","NOT","NOT","NOT","TAU_OPEN","TAU","TAU","NOT","OPEN",717,"TAU_OPEN","NOT","TAU_OPEN","Area calculated from 50*50 grids"
"329",329,"SAMOA","Tau","TAU_OPEN","Forereef","Mid",494.905,NA,"Tau","TAU_OPEN","Tau","NOT","NOT","NOT","TAU_OPEN","TAU","TAU","NOT","OPEN",1980,"TAU_OPEN","NOT","TAU_OPEN","Area calculated from 50*50 grids"
"330",330,"SAMOA","Tau","TAU_OPEN","Forereef","Shallow",119.3825,NA,"Tau","TAU_OPEN","Tau","NOT","NOT","NOT","TAU_OPEN","TAU","TAU","NOT","OPEN",478,"TAU_OPEN","NOT","TAU_OPEN","Area calculated from 50*50 grids"
"331",331,"SAMOA","Tau","TAU_SANCTUARY","Forereef","Deep",24.1775,NA,"Tau","TAU_SANCTUARY","Tau","NOT","NOT","NOT","TAU_SANCTUARY","TAU","TAU",NA,"MPA",97,"TAU_MPA","NOT","TAU_SANCTUARY","Area calculated from 50*50 grids"
"332",332,"SAMOA","Tau","TAU_SANCTUARY","Forereef","Mid",71.735,NA,"Tau","TAU_SANCTUARY","Tau","NOT","NOT","NOT","TAU_SANCTUARY","TAU","TAU",NA,"MPA",287,"TAU_MPA","NOT","TAU_SANCTUARY","Area calculated from 50*50 grids"
"333",333,"SAMOA","Tau","TAU_SANCTUARY","Forereef","Shallow",14.335,NA,"Tau","TAU_SANCTUARY","Tau","NOT","NOT","NOT","TAU_SANCTUARY","TAU","TAU",NA,"MPA",57,"TAU_MPA","NOT","TAU_SANCTUARY","Area calculated from 50*50 grids"
"334",334,"SAMOA","Tutuila","TUT_AUNUU_B","Forereef","Deep",202.8,NA,"TUT_NTH","TUT_AUNUU_B","Tutuila","NOT","NOT","TUT_NE","TUT_AUNUU_B","TUT","TUT",NA,"AUNB",811,"TUT_AUNB","TUT_AUNUU","TUT_AUNUU_B",NA
"335",335,"SAMOA","Tutuila","TUT_AUNUU_B","Forereef","Mid",40.8,NA,"TUT_NTH","TUT_AUNUU_B","Tutuila","NOT","NOT","TUT_NE","TUT_AUNUU_B","TUT","TUT",NA,"AUNB",163,"TUT_AUNB","TUT_AUNUU","TUT_AUNUU_B",NA
"336",336,"SAMOA","Tutuila","TUT_AUNUU_B","Forereef","Shallow",0.2,NA,"TUT_NTH","TUT_AUNUU_B","Tutuila","NOT","NOT","TUT_NE","TUT_AUNUU_B","TUT","TUT",NA,"AUNB",1,"TUT_AUNB","TUT_AUNUU","TUT_AUNUU_B",NA
"337",337,"SAMOA","Tutuila","TUT_FAGATELE","Forereef","Deep",4.5,NA,"TUT_STH","TUT_FAGATELE","Tutuila","NOT","NOT","TUT_SW_OPEN","TUT_FAGATELE","TUT","TUT",NA,"FAGA",18,"TUT_FAGA","TUT_FAGALUA_FAGATELE","TUT_FAGALUA_FAGATELE",NA
"338",338,"SAMOA","Tutuila","TUT_FAGATELE","Forereef","Mid",20.2,NA,"TUT_STH","TUT_FAGATELE","Tutuila","NOT","NOT","TUT_SW_OPEN","TUT_FAGATELE","TUT","TUT",NA,"FAGA",81,"TUT_FAGA","TUT_FAGALUA_FAGATELE","TUT_FAGALUA_FAGATELE",NA
"339",339,"SAMOA","Tutuila","TUT_FAGATELE","Forereef","Shallow",9.4,NA,"TUT_STH","TUT_FAGATELE","Tutuila","NOT","NOT","TUT_SW_OPEN","TUT_FAGATELE","TUT","TUT",NA,"FAGA",38,"TUT_FAGA","TUT_FAGALUA_FAGATELE","TUT_FAGALUA_FAGATELE",NA
"340",340,"SAMOA","Tutuila","TUT_NE_OPEN","Forereef","Deep",372.8,NA,"TUT_NTH","TUT_NE_OPEN","Tutuila","NOT","NOT","TUT_NE","TUT_NE_OPEN","TUT","TUT",NA,"OPEN",1174,"TUT_OPEN","TUT_NE","TUT_NE_OPEN",NA
"341",341,"SAMOA","Tutuila","TUT_NE_OPEN","Forereef","Mid",425,NA,"TUT_NTH","TUT_NE_OPEN","Tutuila","NOT","NOT","TUT_NE","TUT_NE_OPEN","TUT","TUT",NA,"OPEN",1094,"TUT_OPEN","TUT_NE","TUT_NE_OPEN",NA
"342",342,"SAMOA","Tutuila","TUT_NE_OPEN","Forereef","Shallow",272.9,NA,"TUT_NTH","TUT_NE_OPEN","Tutuila","NOT","NOT","TUT_NE","TUT_NE_OPEN","TUT","TUT",NA,"OPEN",1001,"TUT_OPEN","TUT_NE","TUT_NE_OPEN",NA
"343",343,"SAMOA","Tutuila","TUT_NW_OPEN","Forereef","Deep",257.7,NA,"TUT_NTH","TUT_NW_OPEN","Tutuila","NOT","NOT","TUT_NW","TUT_NW_OPEN","TUT","TUT",NA,"OPEN",1031,"TUT_OPEN","TUT_NW","TUT_NW_OPEN",NA
"344",344,"SAMOA","Tutuila","TUT_NW_OPEN","Forereef","Mid",220.3,NA,"TUT_NTH","TUT_NW_OPEN","Tutuila","NOT","NOT","TUT_NW","TUT_NW_OPEN","TUT","TUT",NA,"OPEN",881,"TUT_OPEN","TUT_NW","TUT_NW_OPEN",NA
"345",345,"SAMOA","Tutuila","TUT_NW_OPEN","Forereef","Shallow",130.4,NA,"TUT_NTH","TUT_NW_OPEN","Tutuila","NOT","NOT","TUT_NW","TUT_NW_OPEN","TUT","TUT",NA,"OPEN",522,"TUT_OPEN","TUT_NW","TUT_NW_OPEN",NA
"346",346,"SAMOA","Tutuila","TUT_PAGOPAGO","Forereef","Deep",9.7,NA,"NOT","TUT_PAGOPAGO","Tutuila","NOT","NOT","TUT_PAGOPAGO","TUT_PAGOPAGO","TUT","TUT",NA,"OPEN",NA,"TUT_OPEN","TUT_PAGOPAGO","TUT_PAGOPAGO",NA
"347",347,"SAMOA","Tutuila","TUT_PAGOPAGO","Forereef","Mid",29.4,NA,"NOT","TUT_PAGOPAGO","Tutuila","NOT","NOT","TUT_PAGOPAGO","TUT_PAGOPAGO","TUT","TUT",NA,"OPEN",NA,"TUT_OPEN","TUT_PAGOPAGO","TUT_PAGOPAGO",NA
"348",348,"SAMOA","Tutuila","TUT_PAGOPAGO","Forereef","Shallow",59.7,NA,"NOT","TUT_PAGOPAGO","Tutuila","NOT","NOT","TUT_PAGOPAGO","TUT_PAGOPAGO","TUT","TUT",NA,"OPEN",NA,"TUT_OPEN","TUT_PAGOPAGO","TUT_PAGOPAGO",NA
"349",349,"SAMOA","Tutuila","TUT_SE_OPEN","Forereef","Deep",291.8,NA,"TUT_STH","TUT_SE_OPEN","Tutuila","NOT","NOT","TUT_SE","TUT_SE_OPEN","TUT","TUT",NA,"OPEN",1167,"TUT_OPEN","TUT_SE","TUT_SE_OPEN",NA
"350",350,"SAMOA","Tutuila","TUT_SE_OPEN","Forereef","Mid",659.5,NA,"TUT_STH","TUT_SE_OPEN","Tutuila","NOT","NOT","TUT_SE","TUT_SE_OPEN","TUT","TUT",NA,"OPEN",2638,"TUT_OPEN","TUT_SE","TUT_SE_OPEN",NA
"351",351,"SAMOA","Tutuila","TUT_SE_OPEN","Forereef","Shallow",472.9,NA,"TUT_STH","TUT_SE_OPEN","Tutuila","NOT","NOT","TUT_SE","TUT_SE_OPEN","TUT","TUT",NA,"OPEN",1891,"TUT_OPEN","TUT_SE","TUT_SE_OPEN",NA
"352",352,"SAMOA","Tutuila","TUT_SW_OPEN","Forereef","Deep",266.2,NA,"TUT_STH","TUT_SW_OPEN","Tutuila","NOT","NOT","TUT_SW_OPEN","TUT_SW_OPEN","TUT","TUT",NA,"OPEN",1034,"TUT_OPEN","TUT_SW","TUT_SW_OPEN",NA
"353",353,"SAMOA","Tutuila","TUT_SW_OPEN","Forereef","Mid",227.5,NA,"TUT_STH","TUT_SW_OPEN","Tutuila","NOT","NOT","TUT_SW_OPEN","TUT_SW_OPEN","TUT","TUT",NA,"OPEN",799,"TUT_OPEN","TUT_SW","TUT_SW_OPEN",NA
"354",354,"SAMOA","Tutuila","TUT_SW_OPEN","Forereef","Shallow",208.8,NA,"TUT_STH","TUT_SW_OPEN","Tutuila","NOT","NOT","TUT_SW_OPEN","TUT_SW_OPEN","TUT","TUT",NA,"OPEN",809,"TUT_OPEN","TUT_SW","TUT_SW_OPEN",NA
