"","REGION","ISLAND","SEC_NAME","REEF_ZONE","DEPTH_BIN","STRATA","strata.ID","NCRMP_SEC"
"1","MARIAN","Agrihan","Agrihan","Forereef","Deep","FD","AGR_FRF_D","Agrihan"
"2","MARIAN","Agrihan","Agrihan","Forereef","Mid","FM","AGR_FRF_M","Agrihan"
"3","MARIAN","Agrihan","Agrihan","Forereef","Shallow","FS","AGR_FRF_S","Agrihan"
"4","MARIAN","Aguijan","Aguijan","Forereef","Deep","FD","AGU_FRF_D","Aguijan"
"5","MARIAN","Aguijan","Aguijan","Forereef","Mid","FM","AGU_FRF_M","Aguijan"
"6","MARIAN","Aguijan","Aguijan","Forereef","Shallow","FS","AGU_FRF_S","Aguijan"
"7","MARIAN","Alamagan","Alamagan","Forereef","Deep","FD","Alamagan_FRF_D","Alamagan"
"8","MARIAN","Alamagan","Alamagan","Forereef","Mid","FM","Alamagan_FRF_M","Alamagan"
"9","MARIAN","Alamagan","Alamagan","Forereef","Shallow","FS","Alamagan_FRF_S","Alamagan"
"10","MARIAN","Asuncion","Asuncion","Forereef","Deep","FD","ASC_FRF_D","Asuncion"
"11","MARIAN","Asuncion","Asuncion","Forereef","Mid","FM","ASC_FRF_M","Asuncion"
"12","MARIAN","Asuncion","Asuncion","Forereef","Shallow","FS","ASC_FRF_S","Asuncion"
"13","MARIAN","Farallon de Pajaros","Farallon de Pajaros","Forereef","Deep","FD","FDP_FRF_D","Farallon de Pajaros"
"14","MARIAN","Farallon de Pajaros","Farallon de Pajaros","Forereef","Mid","FM","FDP_FRF_M","Farallon de Pajaros"
"15","MARIAN","Farallon de Pajaros","Farallon de Pajaros","Forereef","Shallow","FS","FDP_FRF_S","Farallon de Pajaros"
"16","MARIAN","Guam","GUA_ACHANG","Forereef","Deep","FD","GUA_Achang_FRF_D","GUA_ACHANG"
"17","MARIAN","Guam","GUA_ACHANG","Forereef","Mid","FM","GUA_Achang_FRF_M","GUA_ACHANG"
"18","MARIAN","Guam","GUA_ACHANG","Forereef","Shallow","FS","GUA_Achang_FRF_S","GUA_ACHANG"
"19","MARIAN","Guam","GUA_EAST_OPEN","Forereef","Deep","FD","GUA_Eopen_FRF_D","GUA_EAST_OPEN"
"20","MARIAN","Guam","GUA_EAST_OPEN","Forereef","Mid","FM","GUA_Eopen_FRF_M","GUA_EAST_OPEN"
"21","MARIAN","Guam","GUA_EAST_OPEN","Forereef","Shallow","FS","GUA_Eopen_FRF_S","GUA_EAST_OPEN"
"22","MARIAN","Guam","GUA_WEST_OPEN","Forereef","Deep","FD","GUA_Wopen_FRF_D","GUA_WEST_OPEN"
"23","MARIAN","Guam","GUA_WEST_OPEN","Forereef","Mid","FM","GUA_Wopen_FRF_M","GUA_WEST_OPEN"
"24","MARIAN","Guam","GUA_WEST_OPEN","Forereef","Shallow","FS","GUA_Wopen_FRF_S","GUA_WEST_OPEN"
"25","MARIAN","Guam","GUA_PATI_POINT","Forereef","Deep","FD","GUA_PatiPoint_FRF_D","GUA_PATI_POINT"
"26","MARIAN","Guam","GUA_PATI_POINT","Forereef","Mid","FM","GUA_PatiPoint_FRF_M","GUA_PATI_POINT"
"27","MARIAN","Guam","GUA_PATI_POINT","Forereef","Shallow","FS","GUA_PatiPoint_FRF_S","GUA_PATI_POINT"
"28","MARIAN","Guam","GUA_PITI_BOMB","Forereef","Deep","FD","GUA_PitiBomb_FRF_D","GUA_PITI_BOMB"
"29","MARIAN","Guam","GUA_PITI_BOMB","Forereef","Mid","FM","GUA_PitiBomb_FRF_M","GUA_PITI_BOMB"
"30","MARIAN","Guam","GUA_PITI_BOMB","Forereef","Shallow","FS","GUA_PitiBomb_FRF_S","GUA_PITI_BOMB"
"31","MARIAN","Guam","GUA_TUMON","Forereef","Deep","FD","GUA_TumonBay_FRF_D","GUA_TUMON"
"32","MARIAN","Guam","GUA_TUMON","Forereef","Mid","FM","GUA_TumonBay_FRF_M","GUA_TUMON"
"33","MARIAN","Guam","GUA_TUMON","Forereef","Shallow","FS","GUA_TumonBay_FRF_S","GUA_TUMON"
"34","MARIAN","Guguan","Guguan","Forereef","Deep","FD","Guguan_FRF_D","Guguan"
"35","MARIAN","Guguan","Guguan","Forereef","Mid","FM","Guguan_FRF_M","Guguan"
"36","MARIAN","Guguan","Guguan","Forereef","Shallow","FS","Guguan_FRF_S","Guguan"
"37","MARIAN","Maug","Maug","Forereef","Deep","FD","MAU_FRF_D","Maug"
"38","MARIAN","Maug","Maug","Forereef","Mid","FM","MAU_FRF_M","Maug"
"39","MARIAN","Maug","Maug","Forereef","Shallow","FS","MAU_FRF_S","Maug"
"40","MARIAN","Pagan","Pagan","Forereef","Deep","FD","PAG_FRF_D","Pagan"
"41","MARIAN","Pagan","Pagan","Forereef","Mid","FM","PAG_FRF_M","Pagan"
"42","MARIAN","Pagan","Pagan","Forereef","Shallow","FS","PAG_FRF_S","Pagan"
"43","MARIAN","Rota","Rota","Forereef","Deep","FD","ROT_FRF_D","Rota"
"44","MARIAN","Rota","Rota","Forereef","Mid","FM","ROT_FRF_M","Rota"
"45","MARIAN","Rota","Rota","Forereef","Shallow","FS","ROT_FRF_S","Rota"
"46","MARIAN","Saipan","Saipan","Backreef","Deep","BD","SAI_BRF_D","Saipan"
"47","MARIAN","Saipan","Saipan","Backreef","Mid","BM","SAI_BRF_M","Saipan"
"48","MARIAN","Saipan","Saipan","Backreef","Shallow","BS","SAI_BRF_S","Saipan"
"49","MARIAN","Saipan","Saipan","Forereef","Deep","FD","SAI_FRF_D","Saipan"
"50","MARIAN","Saipan","Saipan","Forereef","Mid","FM","SAI_FRF_M","Saipan"
"51","MARIAN","Saipan","Saipan","Forereef","Shallow","FS","SAI_FRF_S","Saipan"
"52","MARIAN","Saipan","Saipan","Lagoon","Mid","LM","SAI_LAG_M","Saipan"
"53","MARIAN","Saipan","Saipan","Lagoon","Shallow","LS","SAI_LAG_S","Saipan"
"54","MARIAN","Sarigan","Sarigan","Forereef","Deep","FD","Sarigan_FRF_D","Sarigan"
"55","MARIAN","Sarigan","Sarigan","Forereef","Mid","FM","Sarigan_FRF_M","Sarigan"
"56","MARIAN","Sarigan","Sarigan","Forereef","Shallow","FS","Sarigan_FRF_S","Sarigan"
"57","MARIAN","Tinian","Tinian","Forereef","Deep","FD","TIN_FRF_D","Tinian"
"58","MARIAN","Tinian","Tinian","Forereef","Mid","FM","TIN_FRF_M","Tinian"
"59","MARIAN","Tinian","Tinian","Forereef","Shallow","FS","TIN_FRF_S","Tinian"
"60","MHI","Hawaii","HAW_HAMAKUA","Forereef","Deep","FD","HAW_Hamakua_FRF_D","HAW_HAMAKUA"
"61","MHI","Hawaii","HAW_HAMAKUA","Forereef","Mid","FM","HAW_Hamakua_FRF_M","HAW_HAMAKUA"
"62","MHI","Hawaii","HAW_HAMAKUA","Forereef","Shallow","FS","HAW_Hamakua_FRF_S","HAW_HAMAKUA"
"63","MHI","Hawaii","HAW_KONA","Forereef","Deep","FD","HAW_Kona_FRF_D","HAW_KONA"
"64","MHI","Hawaii","HAW_KONA","Forereef","Mid","FM","HAW_Kona_FRF_M","HAW_KONA"
"65","MHI","Hawaii","HAW_KONA","Forereef","Shallow","FS","HAW_Kona_FRF_S","HAW_KONA"
"66","MHI","Hawaii","HAW_PUNA","Forereef","Deep","FD","HAW_Puna_FRF_D","HAW_PUNA"
"67","MHI","Hawaii","HAW_PUNA","Forereef","Mid","FM","HAW_Puna_FRF_M","HAW_PUNA"
"68","MHI","Hawaii","HAW_PUNA","Forereef","Shallow","FS","HAW_Puna_FRF_S","HAW_PUNA"
"69","MHI","Hawaii","HAW_SE","Forereef","Deep","FD","HAW_SE_FRF_D","HAW_SE"
"70","MHI","Hawaii","HAW_SE","Forereef","Mid","FM","HAW_SE_FRF_M","HAW_SE"
"71","MHI","Hawaii","HAW_SE","Forereef","Shallow","FS","HAW_SE_FRF_S","HAW_SE"
"72","MHI","Kahoolawe","KAH_NORTH","Forereef","Deep","FD","KAH_N_FRF_D","KAH_NORTH"
"73","MHI","Kahoolawe","KAH_NORTH","Forereef","Mid","FM","KAH_N_FRF_M","KAH_NORTH"
"74","MHI","Kahoolawe","KAH_NORTH","Forereef","Shallow","FS","KAH_N_FRF_S","KAH_NORTH"
"75","MHI","Kahoolawe","KAH_SOUTH","Forereef","Deep","FD","KAH_S_FRF_D","KAH_SOUTH"
"76","MHI","Kahoolawe","KAH_SOUTH","Forereef","Mid","FM","KAH_S_FRF_M","KAH_SOUTH"
"77","MHI","Kahoolawe","KAH_SOUTH","Forereef","Shallow","FS","KAH_S_FRF_S","KAH_SOUTH"
"78","MHI","Kauai","KAU_EAST","Forereef","Deep","FD","KAU_E_FRF_D","KAU_EAST"
"79","MHI","Kauai","KAU_EAST","Forereef","Mid","FM","KAU_E_FRF_M","KAU_EAST"
"80","MHI","Kauai","KAU_EAST","Forereef","Shallow","FS","KAU_E_FRF_S","KAU_EAST"
"81","MHI","Kauai","KAU_NAPALI","Forereef","Deep","FD","KAU_Napali_FRF_D","KAU_NAPALI"
"82","MHI","Kauai","KAU_NAPALI","Forereef","Mid","FM","KAU_Napali_FRF_M","KAU_NAPALI"
"83","MHI","Kauai","KAU_NAPALI","Forereef","Shallow","FS","KAU_Napali_FRF_S","KAU_NAPALI"
"84","MHI","Lanai","LAN_NORTH","Forereef","Deep","FD","LAN_N_FRF_D","LAN_NORTH"
"85","MHI","Lanai","LAN_NORTH","Forereef","Mid","FM","LAN_N_FRF_M","LAN_NORTH"
"86","MHI","Lanai","LAN_NORTH","Forereef","Shallow","FS","LAN_N_FRF_S","LAN_NORTH"
"87","MHI","Lanai","LAN_SOUTH","Forereef","Deep","FD","LAN_S_FRF_D","LAN_SOUTH"
"88","MHI","Lanai","LAN_SOUTH","Forereef","Mid","FM","LAN_S_FRF_M","LAN_SOUTH"
"89","MHI","Lanai","LAN_SOUTH","Forereef","Shallow","FS","LAN_S_FRF_S","LAN_SOUTH"
"90","MHI","Maui","MAI_HANA","Forereef","Deep","FD","MAI_Hana_FRF_D","MAI_HANA"
"91","MHI","Maui","MAI_HANA","Forereef","Mid","FM","MAI_Hana_FRF_M","MAI_HANA"
"92","MHI","Maui","MAI_HANA","Forereef","Shallow","FS","MAI_Hana_FRF_S","MAI_HANA"
"93","MHI","Maui","MAI_KAHULUI","Forereef","Deep","FD","MAI_Kahului_FRF_D","MAI_KAHULUI"
"94","MHI","Maui","MAI_KAHULUI","Forereef","Mid","FM","MAI_Kahului_FRF_M","MAI_KAHULUI"
"95","MHI","Maui","MAI_KAHULUI","Forereef","Shallow","FS","MAI_Kahului_FRF_S","MAI_KAHULUI"
"96","MHI","Maui","MAI_KIHEI","Forereef","Deep","FD","MAI_Kihei_FRF_D","MAI_KIHEI"
"97","MHI","Maui","MAI_KIHEI","Forereef","Mid","FM","MAI_Kihei_FRF_M","MAI_KIHEI"
"98","MHI","Maui","MAI_KIHEI","Forereef","Shallow","FS","MAI_Kihei_FRF_S","MAI_KIHEI"
"99","MHI","Maui","MAI_LAHAINA","Forereef","Deep","FD","MAI_Lahaina_FRF_D","MAI_LAHAINA"
"100","MHI","Maui","MAI_LAHAINA","Forereef","Mid","FM","MAI_Lahaina_FRF_M","MAI_LAHAINA"
"101","MHI","Maui","MAI_LAHAINA","Forereef","Shallow","FS","MAI_Lahaina_FRF_S","MAI_LAHAINA"
"102","MHI","Maui","MAI_NE","Forereef","Deep","FD","MAI_NE_FRF_D","MAI_NE"
"103","MHI","Maui","MAI_NE","Forereef","Mid","FM","MAI_NE_FRF_M","MAI_NE"
"104","MHI","Maui","MAI_NE","Forereef","Shallow","FS","MAI_NE_FRF_S","MAI_NE"
"105","MHI","Maui","MAI_NW","Forereef","Deep","FD","MAI_NW_FRF_D","MAI_NW"
"106","MHI","Maui","MAI_NW","Forereef","Mid","FM","MAI_NW_FRF_M","MAI_NW"
"107","MHI","Maui","MAI_NW","Forereef","Shallow","FS","MAI_NW_FRF_S","MAI_NW"
"108","MHI","Maui","MAI_SE","Forereef","Deep","FD","MAI_SE_FRF_D","MAI_SE"
"109","MHI","Maui","MAI_SE","Forereef","Mid","FM","MAI_SE_FRF_M","MAI_SE"
"110","MHI","Maui","MAI_SE","Forereef","Shallow","FS","MAI_SE_FRF_S","MAI_SE"
"111","MHI","Molokai","MOL_NW","Forereef","Deep","FD","MOL_NW_FRF_D","MOL_NW"
"112","MHI","Molokai","MOL_NW","Forereef","Mid","FM","MOL_NW_FRF_M","MOL_NW"
"113","MHI","Molokai","MOL_NW","Forereef","Shallow","FS","MOL_NW_FRF_S","MOL_NW"
"114","MHI","Molokai","MOL_PALI","Forereef","Deep","FD","MOL_Pali_FRF_D","MOL_PALI"
"115","MHI","Molokai","MOL_PALI","Forereef","Mid","FM","MOL_Pali_FRF_M","MOL_PALI"
"116","MHI","Molokai","MOL_PALI","Forereef","Shallow","FS","MOL_Pali_FRF_S","MOL_PALI"
"117","MHI","Molokai","MOL_SOUTH","Forereef","Deep","FD","MOL_S_FRF_D","MOL_SOUTH"
"118","MHI","Molokai","MOL_SOUTH","Forereef","Mid","FM","MOL_S_FRF_M","MOL_SOUTH"
"119","MHI","Molokai","MOL_SOUTH","Forereef","Shallow","FS","MOL_S_FRF_S","MOL_SOUTH"
"120","MHI","Molokai","MOL_WEST","Forereef","Deep","FD","MOL_W_FRF_D","MOL_WEST"
"121","MHI","Molokai","MOL_WEST","Forereef","Mid","FM","MOL_W_FRF_M","MOL_WEST"
"122","MHI","Molokai","MOL_WEST","Forereef","Shallow","FS","MOL_W_FRF_S","MOL_WEST"
"123","MHI","Niihau","NII_EAST","Forereef","Deep","FD","NII_E_FRF_D","NII_EAST"
"124","MHI","Niihau","NII_EAST","Forereef","Mid","FM","NII_E_FRF_M","NII_EAST"
"125","MHI","Niihau","NII_EAST","Forereef","Shallow","FS","NII_E_FRF_S","NII_EAST"
"126","MHI","Niihau","NII_LEHUA","Forereef","Deep","FD","NII_Lehua_FRF_D","NII_LEHUA"
"127","MHI","Niihau","NII_LEHUA","Forereef","Mid","FM","NII_Lehua_FRF_M","NII_LEHUA"
"128","MHI","Niihau","NII_LEHUA","Forereef","Shallow","FS","NII_Lehua_FRF_S","NII_LEHUA"
"129","MHI","Niihau","NII_WEST","Forereef","Deep","FD","NII_W_FRF_D","NII_WEST"
"130","MHI","Niihau","NII_WEST","Forereef","Mid","FM","NII_W_FRF_M","NII_WEST"
"131","MHI","Niihau","NII_WEST","Forereef","Shallow","FS","NII_W_FRF_S","NII_WEST"
"132","MHI","Oahu","OAH_EAST","Forereef","Deep","FD","OAH_E_FRF_D","OAH_EAST"
"133","MHI","Oahu","OAH_EAST","Forereef","Mid","FM","OAH_E_FRF_M","OAH_EAST"
"134","MHI","Oahu","OAH_EAST","Forereef","Shallow","FS","OAH_E_FRF_S","OAH_EAST"
"135","MHI","Oahu","OAH_KAENA","Forereef","Deep","FD","OAH_Kaena_FRF_D","OAH_KAENA"
"136","MHI","Oahu","OAH_KAENA","Forereef","Mid","FM","OAH_Kaena_FRF_M","OAH_KAENA"
"137","MHI","Oahu","OAH_KAENA","Forereef","Shallow","FS","OAH_Kaena_FRF_S","OAH_KAENA"
"138","MHI","Oahu","OAH_NE","Forereef","Deep","FD","OAH_NE_FRF_D","OAH_NE"
"139","MHI","Oahu","OAH_NE","Forereef","Mid","FM","OAH_NE_FRF_M","OAH_NE"
"140","MHI","Oahu","OAH_NE","Forereef","Shallow","FS","OAH_NE_FRF_S","OAH_NE"
"141","MHI","Oahu","OAH_NORTH","Forereef","Deep","FD","OAH_N_FRF_D","OAH_NORTH"
"142","MHI","Oahu","OAH_NORTH","Forereef","Mid","FM","OAH_N_FRF_M","OAH_NORTH"
"143","MHI","Oahu","OAH_NORTH","Forereef","Shallow","FS","OAH_N_FRF_S","OAH_NORTH"
"144","MHI","Oahu","OAH_SOUTH","Forereef","Deep","FD","OAH_S_FRF_D","OAH_SOUTH"
"145","MHI","Oahu","OAH_SOUTH","Forereef","Mid","FM","OAH_S_FRF_M","OAH_SOUTH"
"146","MHI","Oahu","OAH_SOUTH","Forereef","Shallow","FS","OAH_S_FRF_S","OAH_SOUTH"
"147","NWHI","French Frigate","French Frigate","Backreef","Mid","BM","FFS_BRF_M","French Frigate"
"148","NWHI","French Frigate","French Frigate","Backreef","Shallow","BS","FFS_BRF_S","French Frigate"
"149","NWHI","French Frigate","French Frigate","Forereef","Deep","FD","FFS_FRF_D","French Frigate"
"150","NWHI","French Frigate","French Frigate","Forereef","Mid","FM","FFS_FRF_M","French Frigate"
"151","NWHI","French Frigate","French Frigate","Forereef","Shallow","FS","FFS_FRF_S","French Frigate"
"152","NWHI","French Frigate","French Frigate","Lagoon","Mid","LM","FFS_LAG_M","French Frigate"
"153","NWHI","French Frigate","French Frigate","Lagoon","Shallow","LS","FFS_LAG_S","French Frigate"
"154","NWHI","French Frigate","French Frigate","Protected Slope","Deep","PD","FFS_PRS_D","French Frigate"
"155","NWHI","French Frigate","French Frigate","Protected Slope","Mid","PM","FFS_PRS_M","French Frigate"
"156","NWHI","French Frigate","French Frigate","Protected Slope","Shallow","PS","FFS_PRS_S","French Frigate"
"157","SAMOA","Tutuila","TUT_AUNUU_A","Forereef","Deep","FD","TUT_AunuuA_FRF_D","TUT_AUNUU_A"
"158","SAMOA","Tutuila","TUT_AUNUU_A","Forereef","Mid","FM","TUT_AunuuA_FRF_M","TUT_AUNUU_A"
"159","SAMOA","Tutuila","TUT_AUNUU_A","Forereef","Shallow","FS","TUT_AunuuA_FRF_S","TUT_AUNUU_A"
"160","SAMOA","Tutuila","TUT_FAGALUA","Forereef","Deep","FD","TUT_Fagalua_FRF_D","TUT_FAGALUA"
"161","SAMOA","Tutuila","TUT_FAGALUA","Forereef","Mid","FM","TUT_Fagalua_FRF_M","TUT_FAGALUA"
"162","SAMOA","Tutuila","TUT_FAGALUA","Forereef","Shallow","FS","TUT_Fagalua_FRF_S","TUT_FAGALUA"
"163","NWHI","Kure","Kure","Backreef","Mid","BM","KUR_BRF_M","Kure"
"164","NWHI","Kure","Kure","Backreef","Shallow","BS","KUR_BRF_S","Kure"
"165","NWHI","Kure","Kure","Forereef","Deep","FD","KUR_FRF_D","Kure"
"166","NWHI","Kure","Kure","Forereef","Mid","FM","KUR_FRF_M","Kure"
"167","NWHI","Kure","Kure","Forereef","Shallow","FS","KUR_FRF_S","Kure"
"168","NWHI","Kure","Kure","Lagoon","Mid","LM","KUR_LAG_M","Kure"
"169","NWHI","Kure","Kure","Lagoon","Shallow","LS","KUR_LAG_S","Kure"
"170","NWHI","Laysan","Laysan","Forereef","Deep","FD",NA,"Laysan"
"171","NWHI","Laysan","Laysan","Forereef","Mid","FM",NA,"Laysan"
"172","NWHI","Laysan","Laysan","Forereef","Shallow","FS",NA,"Laysan"
"173","NWHI","Lisianski","Lisianski","Forereef","Deep","FD","LIS_FRF_D","Lisianski"
"174","NWHI","Lisianski","Lisianski","Forereef","Mid","FM","LIS_FRF_M","Lisianski"
"175","NWHI","Lisianski","Lisianski","Forereef","Shallow","FS","LIS_FRF_S","Lisianski"
"176","NWHI","Midway","Midway","Backreef","Deep","BD",NA,"Midway"
"177","NWHI","Midway","Midway","Backreef","Mid","BM",NA,"Midway"
"178","NWHI","Midway","Midway","Backreef","Shallow","BS",NA,"Midway"
"179","NWHI","Midway","Midway","Forereef","Deep","FD",NA,"Midway"
"180","NWHI","Midway","Midway","Forereef","Mid","FM",NA,"Midway"
"181","NWHI","Midway","Midway","Forereef","Shallow","FS",NA,"Midway"
"182","NWHI","Midway","Midway","Lagoon","Deep","LD",NA,"Midway"
"183","NWHI","Midway","Midway","Lagoon","Mid","LM",NA,"Midway"
"184","NWHI","Midway","Midway","Lagoon","Shallow","LS",NA,"Midway"
"185","NWHI","Pearl & Hermes","Pearl & Hermes","Backreef","Mid","BM","PHR_BRF_M","Pearl & Hermes"
"186","NWHI","Pearl & Hermes","Pearl & Hermes","Backreef","Shallow","BS","PHR_BRF_S","Pearl & Hermes"
"187","NWHI","Pearl & Hermes","Pearl & Hermes","Forereef","Deep","FD","PHR_FRF_D","Pearl & Hermes"
"188","NWHI","Pearl & Hermes","Pearl & Hermes","Forereef","Mid","FM","PHR_FRF_M","Pearl & Hermes"
"189","NWHI","Pearl & Hermes","Pearl & Hermes","Forereef","Shallow","FS","PHR_FRF_S","Pearl & Hermes"
"190","NWHI","Pearl & Hermes","Pearl & Hermes","Lagoon","Mid","LM","PHR_LAG_M","Pearl & Hermes"
"191","NWHI","Pearl & Hermes","Pearl & Hermes","Lagoon","Shallow","LS","PHR_LAG_S","Pearl & Hermes"
"192","PRIAs","Baker","Baker","Forereef","Deep","FD","BAK_FRF_D","Baker"
"193","PRIAs","Baker","Baker","Forereef","Mid","FM","BAK_FRF_M","Baker"
"194","PRIAs","Baker","Baker","Forereef","Shallow","FS","BAK_FRF_S","Baker"
"195","PRIAs","Howland","Howland","Forereef","Deep","FD","HOW_FRF_D","Howland"
"196","PRIAs","Howland","Howland","Forereef","Mid","FM","HOW_FRF_M","Howland"
"197","PRIAs","Howland","Howland","Forereef","Shallow","FS","HOW_FRF_S","Howland"
"198","PRIAs","Jarvis","Jarvis","Forereef","Deep","FD","JAR_FRF_D","Jarvis"
"199","PRIAs","Jarvis","Jarvis","Forereef","Mid","FM","JAR_FRF_M","Jarvis"
"200","PRIAs","Jarvis","Jarvis","Forereef","Shallow","FS","JAR_FRF_S","Jarvis"
"201","PRIAs","Johnston","Johnston","Backreef","Mid","BM","JOH_BRF_M","Johnston"
"202","PRIAs","Johnston","Johnston","Backreef","Shallow","BS","JOH_BRF_S","Johnston"
"203","PRIAs","Johnston","Johnston","Forereef","Deep","FD","JOH_FRF_D","Johnston"
"204","PRIAs","Johnston","Johnston","Forereef","Mid","FM","JOH_FRF_M","Johnston"
"205","PRIAs","Johnston","Johnston","Forereef","Shallow","FS","JOH_FRF_S","Johnston"
"206","PRIAs","Johnston","Johnston","Lagoon","Deep","LD","JOH_LAG_D","Johnston"
"207","PRIAs","Johnston","Johnston","Lagoon","Mid","LM","JOH_LAG_M","Johnston"
"208","PRIAs","Johnston","Johnston","Lagoon","Shallow","LS","JOH_LAG_S","Johnston"
"209","PRIAs","Johnston","Johnston","Protected Slope","Deep","PD","JOH_PRS_D","Johnston"
"210","PRIAs","Johnston","Johnston","Protected Slope","Mid","PM","JOH_PRS_M","Johnston"
"211","PRIAs","Johnston","Johnston","Protected Slope","Shallow","PS","JOH_PRS_S","Johnston"
"212","PRIAs","Kingman","Kingman","Backreef","Deep","BD","KIN_BRF_D","Kingman"
"213","PRIAs","Kingman","Kingman","Backreef","Mid","BM","KIN_BRF_M","Kingman"
"214","PRIAs","Kingman","Kingman","Backreef","Shallow","BS","KIN_BRF_S","Kingman"
"215","PRIAs","Kingman","Kingman","Forereef","Deep","FD","KIN_FRF_D","Kingman"
"216","PRIAs","Kingman","Kingman","Forereef","Mid","FM","KIN_FRF_M","Kingman"
"217","PRIAs","Kingman","Kingman","Forereef","Shallow","FS","KIN_FRF_S","Kingman"
"218","PRIAs","Kingman","Kingman","Lagoon","Deep","LD","KIN_LAG_D","Kingman"
"219","PRIAs","Kingman","Kingman","Lagoon","Mid","LM","KIN_LAG_M","Kingman"
"220","PRIAs","Kingman","Kingman","Lagoon","Shallow","LS","KIN_LAG_S","Kingman"
"221","PRIAs","Kingman","Kingman","Protected Slope","Deep","PD","KIN_PRS_D","Kingman"
"222","PRIAs","Kingman","Kingman","Protected Slope","Mid","PM","KIN_PRS_M","Kingman"
"223","PRIAs","Kingman","Kingman","Protected Slope","Shallow","PS","KIN_PRS_S","Kingman"
"224","PRIAs","Palmyra","Palmyra","Backreef","Deep","BD","PAL_BRF_D","Palmyra"
"225","PRIAs","Palmyra","Palmyra","Backreef","Mid","BM","PAL_BRF_M","Palmyra"
"226","PRIAs","Palmyra","Palmyra","Backreef","Shallow","BS","PAL_BRF_S","Palmyra"
"227","PRIAs","Palmyra","Palmyra","Forereef","Deep","FD","PAL_FRF_D","Palmyra"
"228","PRIAs","Palmyra","Palmyra","Forereef","Mid","FM","PAL_FRF_M","Palmyra"
"229","PRIAs","Palmyra","Palmyra","Forereef","Shallow","FS","PAL_FRF_S","Palmyra"
"230","PRIAs","Palmyra","Palmyra","Lagoon","Mid","LM","PAL_LAG_M","Palmyra"
"231","PRIAs","Palmyra","Palmyra","Lagoon","Shallow","LS","PAL_LAG_S","Palmyra"
"232","PRIAs","Wake","Wake","Backreef","Deep","BD","WAK_BRF_D","Wake"
"233","PRIAs","Wake","Wake","Backreef","Mid","BM","WAK_BRF_M","Wake"
"234","PRIAs","Wake","Wake","Backreef","Shallow","BS","WAK_BRF_S","Wake"
"235","PRIAs","Wake","Wake","Forereef","Deep","FD","WAK_FRF_D","Wake"
"236","PRIAs","Wake","Wake","Forereef","Mid","FM","WAK_FRF_M","Wake"
"237","PRIAs","Wake","Wake","Forereef","Shallow","FS","WAK_FRF_S","Wake"
"238","PRIAs","Wake","Wake","Lagoon","Shallow","LS","WAK_LAG_S","Wake"
"239","SAMOA","Ofu & Olosega","Ofu & Olosega","Forereef","Deep","FD","OFU_FRF_D","Ofu & Olosega"
"240","SAMOA","Ofu & Olosega","Ofu & Olosega","Forereef","Mid","FM","OFU_FRF_M","Ofu & Olosega"
"241","SAMOA","Ofu & Olosega","Ofu & Olosega","Forereef","Shallow","FS","OFU_FRF_S","Ofu & Olosega"
"242","SAMOA","Rose","ROS_INNER","Backreef","Mid","BM",NA,"ROS_INNER"
"243","SAMOA","Rose","ROS_INNER","Backreef","Shallow","BS",NA,"ROS_INNER"
"244","SAMOA","Rose","ROS_INNER","Lagoon","Deep","LD",NA,"ROS_INNER"
"245","SAMOA","Rose","ROS_INNER","Lagoon","Mid","LM",NA,"ROS_INNER"
"246","SAMOA","Rose","ROS_INNER","Lagoon","Shallow","LS",NA,"ROS_INNER"
"247","SAMOA","Rose","ROS_SANCTUARY","Forereef","Deep","FD",NA,"ROS_SANCTUARY"
"248","SAMOA","Rose","ROS_SANCTUARY","Forereef","Mid","FM",NA,"ROS_SANCTUARY"
"249","SAMOA","Rose","ROS_SANCTUARY","Forereef","Shallow","FS",NA,"ROS_SANCTUARY"
"250","SAMOA","Swains","SWA_OPEN","Forereef","Deep","FD","SWA_open_FRF_D","SWA_OPEN"
"251","SAMOA","Swains","SWA_OPEN","Forereef","Mid","FM","SWA_open_FRF_M","SWA_OPEN"
"252","SAMOA","Swains","SWA_OPEN","Forereef","Shallow","FS","SWA_open_FRF_S","SWA_OPEN"
"253","SAMOA","Swains","SWA_SANCTUARY","Forereef","Deep","FD","SWA_sanctuary_FRF_D","SWA_SANCTUARY"
"254","SAMOA","Swains","SWA_SANCTUARY","Forereef","Mid","FM","SWA_sanctuary_FRF_M","SWA_SANCTUARY"
"255","SAMOA","Swains","SWA_SANCTUARY","Forereef","Shallow","FS","SWA_sanctuary_FRF_S","SWA_SANCTUARY"
"256","SAMOA","Tau","TAU_OPEN","Forereef","Deep","FD","TAU_open_FRF_D","TAU_OPEN"
"257","SAMOA","Tau","TAU_OPEN","Forereef","Mid","FM","TAU_open_FRF_M","TAU_OPEN"
"258","SAMOA","Tau","TAU_OPEN","Forereef","Shallow","FS","TAU_open_FRF_S","TAU_OPEN"
"259","SAMOA","Tau","TAU_SANCTUARY","Forereef","Deep","FD","TAU_sanctuary_FRF_D","TAU_SANCTUARY"
"260","SAMOA","Tau","TAU_SANCTUARY","Forereef","Mid","FM","TAU_sanctuary_FRF_M","TAU_SANCTUARY"
"261","SAMOA","Tau","TAU_SANCTUARY","Forereef","Shallow","FS","TAU_sanctuary_FRF_S","TAU_SANCTUARY"
"262","SAMOA","Tutuila","TUT_AUNUU_B","Forereef","Deep","FD","TUT_AunuuB_FRF_D","TUT_AUNUU_B"
"263","SAMOA","Tutuila","TUT_AUNUU_B","Forereef","Mid","FM","TUT_AunuuB_FRF_M","TUT_AUNUU_B"
"264","SAMOA","Tutuila","TUT_AUNUU_B","Forereef","Shallow","FS","TUT_AunuuB_FRF_S","TUT_AUNUU_B"
"265","SAMOA","Tutuila","TUT_FAGATELE","Forereef","Deep","FD","TUT_Fagatele_FRF_D","TUT_FAGATELE"
"266","SAMOA","Tutuila","TUT_FAGATELE","Forereef","Mid","FM","TUT_Fagatele_FRF_M","TUT_FAGATELE"
"267","SAMOA","Tutuila","TUT_FAGATELE","Forereef","Shallow","FS","TUT_Fagatele_FRF_S","TUT_FAGATELE"
"268","SAMOA","Tutuila","TUT_NE_OPEN","Forereef","Deep","FD","TUT_NEopen_FRF_D","TUT_NE_OPEN"
"269","SAMOA","Tutuila","TUT_NE_OPEN","Forereef","Mid","FM","TUT_NEopen_FRF_M","TUT_NE_OPEN"
"270","SAMOA","Tutuila","TUT_NE_OPEN","Forereef","Shallow","FS","TUT_NEopen_FRF_S","TUT_NE_OPEN"
"271","SAMOA","Tutuila","TUT_NW_OPEN","Forereef","Deep","FD","TUT_NWopen_FRF_D","TUT_NW_OPEN"
"272","SAMOA","Tutuila","TUT_NW_OPEN","Forereef","Mid","FM","TUT_NWopen_FRF_M","TUT_NW_OPEN"
"273","SAMOA","Tutuila","TUT_NW_OPEN","Forereef","Shallow","FS","TUT_NWopen_FRF_S","TUT_NW_OPEN"
"274","SAMOA","Tutuila","TUT_PAGOPAGO","Forereef","Deep","FD","TUT_PagoPago_FRF_D","TUT_PAGOPAGO"
"275","SAMOA","Tutuila","TUT_PAGOPAGO","Forereef","Mid","FM","TUT_PagoPago_FRF_M","TUT_PAGOPAGO"
"276","SAMOA","Tutuila","TUT_PAGOPAGO","Forereef","Shallow","FS","TUT_PagoPago_FRF_S","TUT_PAGOPAGO"
"277","SAMOA","Tutuila","TUT_SE_OPEN","Forereef","Deep","FD","TUT_SEopen_FRF_D","TUT_SE_OPEN"
"278","SAMOA","Tutuila","TUT_SE_OPEN","Forereef","Mid","FM","TUT_SEopen_FRF_M","TUT_SE_OPEN"
"279","SAMOA","Tutuila","TUT_SE_OPEN","Forereef","Shallow","FS","TUT_SEopen_FRF_S","TUT_SE_OPEN"
"280","SAMOA","Tutuila","TUT_SW_OPEN","Forereef","Deep","FD","TUT_SWopen_FRF_D","TUT_SW_OPEN"
"281","SAMOA","Tutuila","TUT_SW_OPEN","Forereef","Mid","FM","TUT_SWopen_FRF_M","TUT_SW_OPEN"
"282","SAMOA","Tutuila","TUT_SW_OPEN","Forereef","Shallow","FS","TUT_SWopen_FRF_S","TUT_SW_OPEN"
